old_act,old_section,old_section_title,new_act,new_section,new_section_title,mapping_type,notes
IPC,1,Title and extent of operation of the Code,BNS,1,"title,",merged,"1(1): This subject is covered by six subsections of
Section 1 of BNS, corresponding to five
separate sections of IPC, sans separate
headings thereof. In IPC, the extent of code
operation is also given, which is absent in
BNS. 1(2): By subsection 1(2) of the BNS, the power to
appoint the date of commencement is
delegated to the Central Government, which
was absent in the IPC. 1(3): No change except ""Code"" is replaced with
""Sanhita"". Wherever the word ""Code"" is used
in IPC, the word ""Sanhita"" is used in BNS;
therefore, this fact will not be specifically
mentioned in this table hereinafter. 1(4): Section is included as a subsection in BNS
sans heading. ""Indian laws"" is replaced with
""law"" and ""for the time being in force in
India"" is inserted. 1(5): Section is included as a subsection in BNS
sans heading.
In the illustration, ""Uganda"" has been replaced
with ""any place outside India."" 1(6):"
IPC,2,Punishment of offences committed within India,BNS,1,"title,",merged,"1(1): This subject is covered by six subsections of
Section 1 of BNS, corresponding to five
separate sections of IPC, sans separate
headings thereof. In IPC, the extent of code
operation is also given, which is absent in
BNS. 1(2): By subsection 1(2) of the BNS, the power to
appoint the date of commencement is
delegated to the Central Government, which
was absent in the IPC. 1(3): No change except ""Code"" is replaced with
""Sanhita"". Wherever the word ""Code"" is used
in IPC, the word ""Sanhita"" is used in BNS;
therefore, this fact will not be specifically
mentioned in this table hereinafter. 1(4): Section is included as a subsection in BNS
sans heading. ""Indian laws"" is replaced with
""law"" and ""for the time being in force in
India"" is inserted. 1(5): Section is included as a subsection in BNS
sans heading.
In the illustration, ""Uganda"" has been replaced
with ""any place outside India."" 1(6):"
IPC,3,"Punishment of offences committed beyond, but which by law may be tried within, India",BNS,1,"title,",merged,"1(1): This subject is covered by six subsections of
Section 1 of BNS, corresponding to five
separate sections of IPC, sans separate
headings thereof. In IPC, the extent of code
operation is also given, which is absent in
BNS. 1(2): By subsection 1(2) of the BNS, the power to
appoint the date of commencement is
delegated to the Central Government, which
was absent in the IPC. 1(3): No change except ""Code"" is replaced with
""Sanhita"". Wherever the word ""Code"" is used
in IPC, the word ""Sanhita"" is used in BNS;
therefore, this fact will not be specifically
mentioned in this table hereinafter. 1(4): Section is included as a subsection in BNS
sans heading. ""Indian laws"" is replaced with
""law"" and ""for the time being in force in
India"" is inserted. 1(5): Section is included as a subsection in BNS
sans heading.
In the illustration, ""Uganda"" has been replaced
with ""any place outside India."" 1(6):"
IPC,4,Extension of Code to extra-territorial offences,BNS,1,"title,",merged,"1(1): This subject is covered by six subsections of
Section 1 of BNS, corresponding to five
separate sections of IPC, sans separate
headings thereof. In IPC, the extent of code
operation is also given, which is absent in
BNS. 1(2): By subsection 1(2) of the BNS, the power to
appoint the date of commencement is
delegated to the Central Government, which
was absent in the IPC. 1(3): No change except ""Code"" is replaced with
""Sanhita"". Wherever the word ""Code"" is used
in IPC, the word ""Sanhita"" is used in BNS;
therefore, this fact will not be specifically
mentioned in this table hereinafter. 1(4): Section is included as a subsection in BNS
sans heading. ""Indian laws"" is replaced with
""law"" and ""for the time being in force in
India"" is inserted. 1(5): Section is included as a subsection in BNS
sans heading.
In the illustration, ""Uganda"" has been replaced
with ""any place outside India."" 1(6):"
IPC,5,Certain laws not to be affected by this Act,BNS,1,"title,",merged,"1(1): This subject is covered by six subsections of
Section 1 of BNS, corresponding to five
separate sections of IPC, sans separate
headings thereof. In IPC, the extent of code
operation is also given, which is absent in
BNS. 1(2): By subsection 1(2) of the BNS, the power to
appoint the date of commencement is
delegated to the Central Government, which
was absent in the IPC. 1(3): No change except ""Code"" is replaced with
""Sanhita"". Wherever the word ""Code"" is used
in IPC, the word ""Sanhita"" is used in BNS;
therefore, this fact will not be specifically
mentioned in this table hereinafter. 1(4): Section is included as a subsection in BNS
sans heading. ""Indian laws"" is replaced with
""law"" and ""for the time being in force in
India"" is inserted. 1(5): Section is included as a subsection in BNS
sans heading.
In the illustration, ""Uganda"" has been replaced
with ""any place outside India."" 1(6):"
IPC,8,Gender,BNS,2,Definitions,merged,"2(1): In the IPC, Section 33 addressed both ""Act""
and ""Omission"" collectively. However, in the 2(2): No change. 2(3): Definition of 'child' in section 2(3) of BNS
(child- any person below the age of eighteen
years.) This is a new addition. 2(4): No change. 2(5): Section 2(5) of BNS excludes the illustration
and uses the word ""Court"" in place of the
words ""Court of Justice"". 2(6): No change. 2(7): Words ""whoever does"" and ""is said to do that
thing dishonestly"" are excluded. 2(8): Words ""and includes electronic and digital
record"" are added.
BNS Section 2(8) incorporates both the
sections 29 and 29A of IPC and adds digital
records. 2(9): Phraseology changed but essence is same. 2(10): Word ""transgender"" is added apart from
genders of ""male"" and ""female"". 2(11): No change. 2(12): Words ""Government of a State"" are replaced
by ""State Government"". 2(13): Words ""Except in section 157 and in sec"
IPC,9,Number,BNS,2,Definitions,merged,"2(1): In the IPC, Section 33 addressed both ""Act""
and ""Omission"" collectively. However, in the 2(2): No change. 2(3): Definition of 'child' in section 2(3) of BNS
(child- any person below the age of eighteen
years.) This is a new addition. 2(4): No change. 2(5): Section 2(5) of BNS excludes the illustration
and uses the word ""Court"" in place of the
words ""Court of Justice"". 2(6): No change. 2(7): Words ""whoever does"" and ""is said to do that
thing dishonestly"" are excluded. 2(8): Words ""and includes electronic and digital
record"" are added.
BNS Section 2(8) incorporates both the
sections 29 and 29A of IPC and adds digital
records. 2(9): Phraseology changed but essence is same. 2(10): Word ""transgender"" is added apart from
genders of ""male"" and ""female"". 2(11): No change. 2(12): Words ""Government of a State"" are replaced
by ""State Government"". 2(13): Words ""Except in section 157 and in sec"
IPC,10,"""Man"" ""Woman""",BNS,2,Definitions,merged,"2(1): In the IPC, Section 33 addressed both ""Act""
and ""Omission"" collectively. However, in the 2(2): No change. 2(3): Definition of 'child' in section 2(3) of BNS
(child- any person below the age of eighteen
years.) This is a new addition. 2(4): No change. 2(5): Section 2(5) of BNS excludes the illustration
and uses the word ""Court"" in place of the
words ""Court of Justice"". 2(6): No change. 2(7): Words ""whoever does"" and ""is said to do that
thing dishonestly"" are excluded. 2(8): Words ""and includes electronic and digital
record"" are added.
BNS Section 2(8) incorporates both the
sections 29 and 29A of IPC and adds digital
records. 2(9): Phraseology changed but essence is same. 2(10): Word ""transgender"" is added apart from
genders of ""male"" and ""female"". 2(11): No change. 2(12): Words ""Government of a State"" are replaced
by ""State Government"". 2(13): Words ""Except in section 157 and in sec"
IPC,11,"""Person""",BNS,2,Definitions,merged,"2(1): In the IPC, Section 33 addressed both ""Act""
and ""Omission"" collectively. However, in the 2(2): No change. 2(3): Definition of 'child' in section 2(3) of BNS
(child- any person below the age of eighteen
years.) This is a new addition. 2(4): No change. 2(5): Section 2(5) of BNS excludes the illustration
and uses the word ""Court"" in place of the
words ""Court of Justice"". 2(6): No change. 2(7): Words ""whoever does"" and ""is said to do that
thing dishonestly"" are excluded. 2(8): Words ""and includes electronic and digital
record"" are added.
BNS Section 2(8) incorporates both the
sections 29 and 29A of IPC and adds digital
records. 2(9): Phraseology changed but essence is same. 2(10): Word ""transgender"" is added apart from
genders of ""male"" and ""female"". 2(11): No change. 2(12): Words ""Government of a State"" are replaced
by ""State Government"". 2(13): Words ""Except in section 157 and in sec"
IPC,12,"""Public""",BNS,2,Definitions,merged,"2(1): In the IPC, Section 33 addressed both ""Act""
and ""Omission"" collectively. However, in the 2(2): No change. 2(3): Definition of 'child' in section 2(3) of BNS
(child- any person below the age of eighteen
years.) This is a new addition. 2(4): No change. 2(5): Section 2(5) of BNS excludes the illustration
and uses the word ""Court"" in place of the
words ""Court of Justice"". 2(6): No change. 2(7): Words ""whoever does"" and ""is said to do that
thing dishonestly"" are excluded. 2(8): Words ""and includes electronic and digital
record"" are added.
BNS Section 2(8) incorporates both the
sections 29 and 29A of IPC and adds digital
records. 2(9): Phraseology changed but essence is same. 2(10): Word ""transgender"" is added apart from
genders of ""male"" and ""female"". 2(11): No change. 2(12): Words ""Government of a State"" are replaced
by ""State Government"". 2(13): Words ""Except in section 157 and in sec"
IPC,17,"""Government""",BNS,2,Definitions,merged,"2(1): In the IPC, Section 33 addressed both ""Act""
and ""Omission"" collectively. However, in the 2(2): No change. 2(3): Definition of 'child' in section 2(3) of BNS
(child- any person below the age of eighteen
years.) This is a new addition. 2(4): No change. 2(5): Section 2(5) of BNS excludes the illustration
and uses the word ""Court"" in place of the
words ""Court of Justice"". 2(6): No change. 2(7): Words ""whoever does"" and ""is said to do that
thing dishonestly"" are excluded. 2(8): Words ""and includes electronic and digital
record"" are added.
BNS Section 2(8) incorporates both the
sections 29 and 29A of IPC and adds digital
records. 2(9): Phraseology changed but essence is same. 2(10): Word ""transgender"" is added apart from
genders of ""male"" and ""female"". 2(11): No change. 2(12): Words ""Government of a State"" are replaced
by ""State Government"". 2(13): Words ""Except in section 157 and in sec"
IPC,19,"""Judge""",BNS,2,Definitions,merged,"2(1): In the IPC, Section 33 addressed both ""Act""
and ""Omission"" collectively. However, in the 2(2): No change. 2(3): Definition of 'child' in section 2(3) of BNS
(child- any person below the age of eighteen
years.) This is a new addition. 2(4): No change. 2(5): Section 2(5) of BNS excludes the illustration
and uses the word ""Court"" in place of the
words ""Court of Justice"". 2(6): No change. 2(7): Words ""whoever does"" and ""is said to do that
thing dishonestly"" are excluded. 2(8): Words ""and includes electronic and digital
record"" are added.
BNS Section 2(8) incorporates both the
sections 29 and 29A of IPC and adds digital
records. 2(9): Phraseology changed but essence is same. 2(10): Word ""transgender"" is added apart from
genders of ""male"" and ""female"". 2(11): No change. 2(12): Words ""Government of a State"" are replaced
by ""State Government"". 2(13): Words ""Except in section 157 and in sec"
IPC,20,"""Court of Justice""",BNS,2,Definitions,merged,"2(1): In the IPC, Section 33 addressed both ""Act""
and ""Omission"" collectively. However, in the 2(2): No change. 2(3): Definition of 'child' in section 2(3) of BNS
(child- any person below the age of eighteen
years.) This is a new addition. 2(4): No change. 2(5): Section 2(5) of BNS excludes the illustration
and uses the word ""Court"" in place of the
words ""Court of Justice"". 2(6): No change. 2(7): Words ""whoever does"" and ""is said to do that
thing dishonestly"" are excluded. 2(8): Words ""and includes electronic and digital
record"" are added.
BNS Section 2(8) incorporates both the
sections 29 and 29A of IPC and adds digital
records. 2(9): Phraseology changed but essence is same. 2(10): Word ""transgender"" is added apart from
genders of ""male"" and ""female"". 2(11): No change. 2(12): Words ""Government of a State"" are replaced
by ""State Government"". 2(13): Words ""Except in section 157 and in sec"
IPC,21,"""Public servant""",BNS,2,Definitions,merged,"2(1): In the IPC, Section 33 addressed both ""Act""
and ""Omission"" collectively. However, in the 2(2): No change. 2(3): Definition of 'child' in section 2(3) of BNS
(child- any person below the age of eighteen
years.) This is a new addition. 2(4): No change. 2(5): Section 2(5) of BNS excludes the illustration
and uses the word ""Court"" in place of the
words ""Court of Justice"". 2(6): No change. 2(7): Words ""whoever does"" and ""is said to do that
thing dishonestly"" are excluded. 2(8): Words ""and includes electronic and digital
record"" are added.
BNS Section 2(8) incorporates both the
sections 29 and 29A of IPC and adds digital
records. 2(9): Phraseology changed but essence is same. 2(10): Word ""transgender"" is added apart from
genders of ""male"" and ""female"". 2(11): No change. 2(12): Words ""Government of a State"" are replaced
by ""State Government"". 2(13): Words ""Except in section 157 and in sec"
IPC,22,"""Movable property""",BNS,2,Definitions,merged,"2(1): In the IPC, Section 33 addressed both ""Act""
and ""Omission"" collectively. However, in the 2(2): No change. 2(3): Definition of 'child' in section 2(3) of BNS
(child- any person below the age of eighteen
years.) This is a new addition. 2(4): No change. 2(5): Section 2(5) of BNS excludes the illustration
and uses the word ""Court"" in place of the
words ""Court of Justice"". 2(6): No change. 2(7): Words ""whoever does"" and ""is said to do that
thing dishonestly"" are excluded. 2(8): Words ""and includes electronic and digital
record"" are added.
BNS Section 2(8) incorporates both the
sections 29 and 29A of IPC and adds digital
records. 2(9): Phraseology changed but essence is same. 2(10): Word ""transgender"" is added apart from
genders of ""male"" and ""female"". 2(11): No change. 2(12): Words ""Government of a State"" are replaced
by ""State Government"". 2(13): Words ""Except in section 157 and in sec"
IPC,23C,,BNS,2,Definitions,merged,"2(1): In the IPC, Section 33 addressed both ""Act""
and ""Omission"" collectively. However, in the 2(2): No change. 2(3): Definition of 'child' in section 2(3) of BNS
(child- any person below the age of eighteen
years.) This is a new addition. 2(4): No change. 2(5): Section 2(5) of BNS excludes the illustration
and uses the word ""Court"" in place of the
words ""Court of Justice"". 2(6): No change. 2(7): Words ""whoever does"" and ""is said to do that
thing dishonestly"" are excluded. 2(8): Words ""and includes electronic and digital
record"" are added.
BNS Section 2(8) incorporates both the
sections 29 and 29A of IPC and adds digital
records. 2(9): Phraseology changed but essence is same. 2(10): Word ""transgender"" is added apart from
genders of ""male"" and ""female"". 2(11): No change. 2(12): Words ""Government of a State"" are replaced
by ""State Government"". 2(13): Words ""Except in section 157 and in sec"
IPC,24,"""Dishonestly""",BNS,2,Definitions,merged,"2(1): In the IPC, Section 33 addressed both ""Act""
and ""Omission"" collectively. However, in the 2(2): No change. 2(3): Definition of 'child' in section 2(3) of BNS
(child- any person below the age of eighteen
years.) This is a new addition. 2(4): No change. 2(5): Section 2(5) of BNS excludes the illustration
and uses the word ""Court"" in place of the
words ""Court of Justice"". 2(6): No change. 2(7): Words ""whoever does"" and ""is said to do that
thing dishonestly"" are excluded. 2(8): Words ""and includes electronic and digital
record"" are added.
BNS Section 2(8) incorporates both the
sections 29 and 29A of IPC and adds digital
records. 2(9): Phraseology changed but essence is same. 2(10): Word ""transgender"" is added apart from
genders of ""male"" and ""female"". 2(11): No change. 2(12): Words ""Government of a State"" are replaced
by ""State Government"". 2(13): Words ""Except in section 157 and in sec"
IPC,25,"""Fraudulently""",BNS,2,Definitions,merged,"2(1): In the IPC, Section 33 addressed both ""Act""
and ""Omission"" collectively. However, in the 2(2): No change. 2(3): Definition of 'child' in section 2(3) of BNS
(child- any person below the age of eighteen
years.) This is a new addition. 2(4): No change. 2(5): Section 2(5) of BNS excludes the illustration
and uses the word ""Court"" in place of the
words ""Court of Justice"". 2(6): No change. 2(7): Words ""whoever does"" and ""is said to do that
thing dishonestly"" are excluded. 2(8): Words ""and includes electronic and digital
record"" are added.
BNS Section 2(8) incorporates both the
sections 29 and 29A of IPC and adds digital
records. 2(9): Phraseology changed but essence is same. 2(10): Word ""transgender"" is added apart from
genders of ""male"" and ""female"". 2(11): No change. 2(12): Words ""Government of a State"" are replaced
by ""State Government"". 2(13): Words ""Except in section 157 and in sec"
IPC,26,"""Reason to believe""",BNS,2,Definitions,merged,"2(1): In the IPC, Section 33 addressed both ""Act""
and ""Omission"" collectively. However, in the 2(2): No change. 2(3): Definition of 'child' in section 2(3) of BNS
(child- any person below the age of eighteen
years.) This is a new addition. 2(4): No change. 2(5): Section 2(5) of BNS excludes the illustration
and uses the word ""Court"" in place of the
words ""Court of Justice"". 2(6): No change. 2(7): Words ""whoever does"" and ""is said to do that
thing dishonestly"" are excluded. 2(8): Words ""and includes electronic and digital
record"" are added.
BNS Section 2(8) incorporates both the
sections 29 and 29A of IPC and adds digital
records. 2(9): Phraseology changed but essence is same. 2(10): Word ""transgender"" is added apart from
genders of ""male"" and ""female"". 2(11): No change. 2(12): Words ""Government of a State"" are replaced
by ""State Government"". 2(13): Words ""Except in section 157 and in sec"
IPC,28,"""Counterfeit""",BNS,2,Definitions,merged,"2(1): In the IPC, Section 33 addressed both ""Act""
and ""Omission"" collectively. However, in the 2(2): No change. 2(3): Definition of 'child' in section 2(3) of BNS
(child- any person below the age of eighteen
years.) This is a new addition. 2(4): No change. 2(5): Section 2(5) of BNS excludes the illustration
and uses the word ""Court"" in place of the
words ""Court of Justice"". 2(6): No change. 2(7): Words ""whoever does"" and ""is said to do that
thing dishonestly"" are excluded. 2(8): Words ""and includes electronic and digital
record"" are added.
BNS Section 2(8) incorporates both the
sections 29 and 29A of IPC and adds digital
records. 2(9): Phraseology changed but essence is same. 2(10): Word ""transgender"" is added apart from
genders of ""male"" and ""female"". 2(11): No change. 2(12): Words ""Government of a State"" are replaced
by ""State Government"". 2(13): Words ""Except in section 157 and in sec"
IPC,29,"""Document""",BNS,2,Definitions,merged,"2(1): In the IPC, Section 33 addressed both ""Act""
and ""Omission"" collectively. However, in the 2(2): No change. 2(3): Definition of 'child' in section 2(3) of BNS
(child- any person below the age of eighteen
years.) This is a new addition. 2(4): No change. 2(5): Section 2(5) of BNS excludes the illustration
and uses the word ""Court"" in place of the
words ""Court of Justice"". 2(6): No change. 2(7): Words ""whoever does"" and ""is said to do that
thing dishonestly"" are excluded. 2(8): Words ""and includes electronic and digital
record"" are added.
BNS Section 2(8) incorporates both the
sections 29 and 29A of IPC and adds digital
records. 2(9): Phraseology changed but essence is same. 2(10): Word ""transgender"" is added apart from
genders of ""male"" and ""female"". 2(11): No change. 2(12): Words ""Government of a State"" are replaced
by ""State Government"". 2(13): Words ""Except in section 157 and in sec"
IPC,29A,"""Electronic record""",BNS,2,Definitions,merged,"2(1): In the IPC, Section 33 addressed both ""Act""
and ""Omission"" collectively. However, in the 2(2): No change. 2(3): Definition of 'child' in section 2(3) of BNS
(child- any person below the age of eighteen
years.) This is a new addition. 2(4): No change. 2(5): Section 2(5) of BNS excludes the illustration
and uses the word ""Court"" in place of the
words ""Court of Justice"". 2(6): No change. 2(7): Words ""whoever does"" and ""is said to do that
thing dishonestly"" are excluded. 2(8): Words ""and includes electronic and digital
record"" are added.
BNS Section 2(8) incorporates both the
sections 29 and 29A of IPC and adds digital
records. 2(9): Phraseology changed but essence is same. 2(10): Word ""transgender"" is added apart from
genders of ""male"" and ""female"". 2(11): No change. 2(12): Words ""Government of a State"" are replaced
by ""State Government"". 2(13): Words ""Except in section 157 and in sec"
IPC,30,"""Valuable security""",BNS,2,Definitions,merged,"2(1): In the IPC, Section 33 addressed both ""Act""
and ""Omission"" collectively. However, in the 2(2): No change. 2(3): Definition of 'child' in section 2(3) of BNS
(child- any person below the age of eighteen
years.) This is a new addition. 2(4): No change. 2(5): Section 2(5) of BNS excludes the illustration
and uses the word ""Court"" in place of the
words ""Court of Justice"". 2(6): No change. 2(7): Words ""whoever does"" and ""is said to do that
thing dishonestly"" are excluded. 2(8): Words ""and includes electronic and digital
record"" are added.
BNS Section 2(8) incorporates both the
sections 29 and 29A of IPC and adds digital
records. 2(9): Phraseology changed but essence is same. 2(10): Word ""transgender"" is added apart from
genders of ""male"" and ""female"". 2(11): No change. 2(12): Words ""Government of a State"" are replaced
by ""State Government"". 2(13): Words ""Except in section 157 and in sec"
IPC,31,"""A will""",BNS,2,Definitions,merged,"2(1): In the IPC, Section 33 addressed both ""Act""
and ""Omission"" collectively. However, in the 2(2): No change. 2(3): Definition of 'child' in section 2(3) of BNS
(child- any person below the age of eighteen
years.) This is a new addition. 2(4): No change. 2(5): Section 2(5) of BNS excludes the illustration
and uses the word ""Court"" in place of the
words ""Court of Justice"". 2(6): No change. 2(7): Words ""whoever does"" and ""is said to do that
thing dishonestly"" are excluded. 2(8): Words ""and includes electronic and digital
record"" are added.
BNS Section 2(8) incorporates both the
sections 29 and 29A of IPC and adds digital
records. 2(9): Phraseology changed but essence is same. 2(10): Word ""transgender"" is added apart from
genders of ""male"" and ""female"". 2(11): No change. 2(12): Words ""Government of a State"" are replaced
by ""State Government"". 2(13): Words ""Except in section 157 and in sec"
IPC,33,"""Act"". ""Omission""",BNS,2,Definitions,merged,"2(1): In the IPC, Section 33 addressed both ""Act""
and ""Omission"" collectively. However, in the 2(2): No change. 2(3): Definition of 'child' in section 2(3) of BNS
(child- any person below the age of eighteen
years.) This is a new addition. 2(4): No change. 2(5): Section 2(5) of BNS excludes the illustration
and uses the word ""Court"" in place of the
words ""Court of Justice"". 2(6): No change. 2(7): Words ""whoever does"" and ""is said to do that
thing dishonestly"" are excluded. 2(8): Words ""and includes electronic and digital
record"" are added.
BNS Section 2(8) incorporates both the
sections 29 and 29A of IPC and adds digital
records. 2(9): Phraseology changed but essence is same. 2(10): Word ""transgender"" is added apart from
genders of ""male"" and ""female"". 2(11): No change. 2(12): Words ""Government of a State"" are replaced
by ""State Government"". 2(13): Words ""Except in section 157 and in sec"
IPC,39,"""Voluntarily""",BNS,2,Definitions,merged,"2(1): In the IPC, Section 33 addressed both ""Act""
and ""Omission"" collectively. However, in the 2(2): No change. 2(3): Definition of 'child' in section 2(3) of BNS
(child- any person below the age of eighteen
years.) This is a new addition. 2(4): No change. 2(5): Section 2(5) of BNS excludes the illustration
and uses the word ""Court"" in place of the
words ""Court of Justice"". 2(6): No change. 2(7): Words ""whoever does"" and ""is said to do that
thing dishonestly"" are excluded. 2(8): Words ""and includes electronic and digital
record"" are added.
BNS Section 2(8) incorporates both the
sections 29 and 29A of IPC and adds digital
records. 2(9): Phraseology changed but essence is same. 2(10): Word ""transgender"" is added apart from
genders of ""male"" and ""female"". 2(11): No change. 2(12): Words ""Government of a State"" are replaced
by ""State Government"". 2(13): Words ""Except in section 157 and in sec"
IPC,40,"""Offence""",BNS,2,Definitions,merged,"2(1): In the IPC, Section 33 addressed both ""Act""
and ""Omission"" collectively. However, in the 2(2): No change. 2(3): Definition of 'child' in section 2(3) of BNS
(child- any person below the age of eighteen
years.) This is a new addition. 2(4): No change. 2(5): Section 2(5) of BNS excludes the illustration
and uses the word ""Court"" in place of the
words ""Court of Justice"". 2(6): No change. 2(7): Words ""whoever does"" and ""is said to do that
thing dishonestly"" are excluded. 2(8): Words ""and includes electronic and digital
record"" are added.
BNS Section 2(8) incorporates both the
sections 29 and 29A of IPC and adds digital
records. 2(9): Phraseology changed but essence is same. 2(10): Word ""transgender"" is added apart from
genders of ""male"" and ""female"". 2(11): No change. 2(12): Words ""Government of a State"" are replaced
by ""State Government"". 2(13): Words ""Except in section 157 and in sec"
IPC,41,"""Special law""",BNS,2,Definitions,merged,"2(1): In the IPC, Section 33 addressed both ""Act""
and ""Omission"" collectively. However, in the 2(2): No change. 2(3): Definition of 'child' in section 2(3) of BNS
(child- any person below the age of eighteen
years.) This is a new addition. 2(4): No change. 2(5): Section 2(5) of BNS excludes the illustration
and uses the word ""Court"" in place of the
words ""Court of Justice"". 2(6): No change. 2(7): Words ""whoever does"" and ""is said to do that
thing dishonestly"" are excluded. 2(8): Words ""and includes electronic and digital
record"" are added.
BNS Section 2(8) incorporates both the
sections 29 and 29A of IPC and adds digital
records. 2(9): Phraseology changed but essence is same. 2(10): Word ""transgender"" is added apart from
genders of ""male"" and ""female"". 2(11): No change. 2(12): Words ""Government of a State"" are replaced
by ""State Government"". 2(13): Words ""Except in section 157 and in sec"
IPC,42,"""Local law""",BNS,2,Definitions,merged,"2(1): In the IPC, Section 33 addressed both ""Act""
and ""Omission"" collectively. However, in the 2(2): No change. 2(3): Definition of 'child' in section 2(3) of BNS
(child- any person below the age of eighteen
years.) This is a new addition. 2(4): No change. 2(5): Section 2(5) of BNS excludes the illustration
and uses the word ""Court"" in place of the
words ""Court of Justice"". 2(6): No change. 2(7): Words ""whoever does"" and ""is said to do that
thing dishonestly"" are excluded. 2(8): Words ""and includes electronic and digital
record"" are added.
BNS Section 2(8) incorporates both the
sections 29 and 29A of IPC and adds digital
records. 2(9): Phraseology changed but essence is same. 2(10): Word ""transgender"" is added apart from
genders of ""male"" and ""female"". 2(11): No change. 2(12): Words ""Government of a State"" are replaced
by ""State Government"". 2(13): Words ""Except in section 157 and in sec"
IPC,43,"""Illegal"", ""Legally bound to do""",BNS,2,Definitions,merged,"2(1): In the IPC, Section 33 addressed both ""Act""
and ""Omission"" collectively. However, in the 2(2): No change. 2(3): Definition of 'child' in section 2(3) of BNS
(child- any person below the age of eighteen
years.) This is a new addition. 2(4): No change. 2(5): Section 2(5) of BNS excludes the illustration
and uses the word ""Court"" in place of the
words ""Court of Justice"". 2(6): No change. 2(7): Words ""whoever does"" and ""is said to do that
thing dishonestly"" are excluded. 2(8): Words ""and includes electronic and digital
record"" are added.
BNS Section 2(8) incorporates both the
sections 29 and 29A of IPC and adds digital
records. 2(9): Phraseology changed but essence is same. 2(10): Word ""transgender"" is added apart from
genders of ""male"" and ""female"". 2(11): No change. 2(12): Words ""Government of a State"" are replaced
by ""State Government"". 2(13): Words ""Except in section 157 and in sec"
IPC,44,"""Injury""",BNS,2,Definitions,merged,"2(1): In the IPC, Section 33 addressed both ""Act""
and ""Omission"" collectively. However, in the 2(2): No change. 2(3): Definition of 'child' in section 2(3) of BNS
(child- any person below the age of eighteen
years.) This is a new addition. 2(4): No change. 2(5): Section 2(5) of BNS excludes the illustration
and uses the word ""Court"" in place of the
words ""Court of Justice"". 2(6): No change. 2(7): Words ""whoever does"" and ""is said to do that
thing dishonestly"" are excluded. 2(8): Words ""and includes electronic and digital
record"" are added.
BNS Section 2(8) incorporates both the
sections 29 and 29A of IPC and adds digital
records. 2(9): Phraseology changed but essence is same. 2(10): Word ""transgender"" is added apart from
genders of ""male"" and ""female"". 2(11): No change. 2(12): Words ""Government of a State"" are replaced
by ""State Government"". 2(13): Words ""Except in section 157 and in sec"
IPC,45,"""Life""",BNS,2,Definitions,merged,"2(1): In the IPC, Section 33 addressed both ""Act""
and ""Omission"" collectively. However, in the 2(2): No change. 2(3): Definition of 'child' in section 2(3) of BNS
(child- any person below the age of eighteen
years.) This is a new addition. 2(4): No change. 2(5): Section 2(5) of BNS excludes the illustration
and uses the word ""Court"" in place of the
words ""Court of Justice"". 2(6): No change. 2(7): Words ""whoever does"" and ""is said to do that
thing dishonestly"" are excluded. 2(8): Words ""and includes electronic and digital
record"" are added.
BNS Section 2(8) incorporates both the
sections 29 and 29A of IPC and adds digital
records. 2(9): Phraseology changed but essence is same. 2(10): Word ""transgender"" is added apart from
genders of ""male"" and ""female"". 2(11): No change. 2(12): Words ""Government of a State"" are replaced
by ""State Government"". 2(13): Words ""Except in section 157 and in sec"
IPC,46,"""Death""",BNS,2,Definitions,merged,"2(1): In the IPC, Section 33 addressed both ""Act""
and ""Omission"" collectively. However, in the 2(2): No change. 2(3): Definition of 'child' in section 2(3) of BNS
(child- any person below the age of eighteen
years.) This is a new addition. 2(4): No change. 2(5): Section 2(5) of BNS excludes the illustration
and uses the word ""Court"" in place of the
words ""Court of Justice"". 2(6): No change. 2(7): Words ""whoever does"" and ""is said to do that
thing dishonestly"" are excluded. 2(8): Words ""and includes electronic and digital
record"" are added.
BNS Section 2(8) incorporates both the
sections 29 and 29A of IPC and adds digital
records. 2(9): Phraseology changed but essence is same. 2(10): Word ""transgender"" is added apart from
genders of ""male"" and ""female"". 2(11): No change. 2(12): Words ""Government of a State"" are replaced
by ""State Government"". 2(13): Words ""Except in section 157 and in sec"
IPC,47,"""Animal""",BNS,2,Definitions,merged,"2(1): In the IPC, Section 33 addressed both ""Act""
and ""Omission"" collectively. However, in the 2(2): No change. 2(3): Definition of 'child' in section 2(3) of BNS
(child- any person below the age of eighteen
years.) This is a new addition. 2(4): No change. 2(5): Section 2(5) of BNS excludes the illustration
and uses the word ""Court"" in place of the
words ""Court of Justice"". 2(6): No change. 2(7): Words ""whoever does"" and ""is said to do that
thing dishonestly"" are excluded. 2(8): Words ""and includes electronic and digital
record"" are added.
BNS Section 2(8) incorporates both the
sections 29 and 29A of IPC and adds digital
records. 2(9): Phraseology changed but essence is same. 2(10): Word ""transgender"" is added apart from
genders of ""male"" and ""female"". 2(11): No change. 2(12): Words ""Government of a State"" are replaced
by ""State Government"". 2(13): Words ""Except in section 157 and in sec"
IPC,48,"""Vessel""",BNS,2,Definitions,merged,"2(1): In the IPC, Section 33 addressed both ""Act""
and ""Omission"" collectively. However, in the 2(2): No change. 2(3): Definition of 'child' in section 2(3) of BNS
(child- any person below the age of eighteen
years.) This is a new addition. 2(4): No change. 2(5): Section 2(5) of BNS excludes the illustration
and uses the word ""Court"" in place of the
words ""Court of Justice"". 2(6): No change. 2(7): Words ""whoever does"" and ""is said to do that
thing dishonestly"" are excluded. 2(8): Words ""and includes electronic and digital
record"" are added.
BNS Section 2(8) incorporates both the
sections 29 and 29A of IPC and adds digital
records. 2(9): Phraseology changed but essence is same. 2(10): Word ""transgender"" is added apart from
genders of ""male"" and ""female"". 2(11): No change. 2(12): Words ""Government of a State"" are replaced
by ""State Government"". 2(13): Words ""Except in section 157 and in sec"
IPC,49,"""Year"", ""Month""",BNS,2,Definitions,merged,"2(1): In the IPC, Section 33 addressed both ""Act""
and ""Omission"" collectively. However, in the 2(2): No change. 2(3): Definition of 'child' in section 2(3) of BNS
(child- any person below the age of eighteen
years.) This is a new addition. 2(4): No change. 2(5): Section 2(5) of BNS excludes the illustration
and uses the word ""Court"" in place of the
words ""Court of Justice"". 2(6): No change. 2(7): Words ""whoever does"" and ""is said to do that
thing dishonestly"" are excluded. 2(8): Words ""and includes electronic and digital
record"" are added.
BNS Section 2(8) incorporates both the
sections 29 and 29A of IPC and adds digital
records. 2(9): Phraseology changed but essence is same. 2(10): Word ""transgender"" is added apart from
genders of ""male"" and ""female"". 2(11): No change. 2(12): Words ""Government of a State"" are replaced
by ""State Government"". 2(13): Words ""Except in section 157 and in sec"
IPC,51,"""Oath""",BNS,2,Definitions,merged,"2(1): In the IPC, Section 33 addressed both ""Act""
and ""Omission"" collectively. However, in the 2(2): No change. 2(3): Definition of 'child' in section 2(3) of BNS
(child- any person below the age of eighteen
years.) This is a new addition. 2(4): No change. 2(5): Section 2(5) of BNS excludes the illustration
and uses the word ""Court"" in place of the
words ""Court of Justice"". 2(6): No change. 2(7): Words ""whoever does"" and ""is said to do that
thing dishonestly"" are excluded. 2(8): Words ""and includes electronic and digital
record"" are added.
BNS Section 2(8) incorporates both the
sections 29 and 29A of IPC and adds digital
records. 2(9): Phraseology changed but essence is same. 2(10): Word ""transgender"" is added apart from
genders of ""male"" and ""female"". 2(11): No change. 2(12): Words ""Government of a State"" are replaced
by ""State Government"". 2(13): Words ""Except in section 157 and in sec"
IPC,52,"""Good faith""",BNS,2,Definitions,merged,"2(1): In the IPC, Section 33 addressed both ""Act""
and ""Omission"" collectively. However, in the 2(2): No change. 2(3): Definition of 'child' in section 2(3) of BNS
(child- any person below the age of eighteen
years.) This is a new addition. 2(4): No change. 2(5): Section 2(5) of BNS excludes the illustration
and uses the word ""Court"" in place of the
words ""Court of Justice"". 2(6): No change. 2(7): Words ""whoever does"" and ""is said to do that
thing dishonestly"" are excluded. 2(8): Words ""and includes electronic and digital
record"" are added.
BNS Section 2(8) incorporates both the
sections 29 and 29A of IPC and adds digital
records. 2(9): Phraseology changed but essence is same. 2(10): Word ""transgender"" is added apart from
genders of ""male"" and ""female"". 2(11): No change. 2(12): Words ""Government of a State"" are replaced
by ""State Government"". 2(13): Words ""Except in section 157 and in sec"
IPC,52A,"""Harbour""",BNS,2,Definitions,merged,"2(1): In the IPC, Section 33 addressed both ""Act""
and ""Omission"" collectively. However, in the 2(2): No change. 2(3): Definition of 'child' in section 2(3) of BNS
(child- any person below the age of eighteen
years.) This is a new addition. 2(4): No change. 2(5): Section 2(5) of BNS excludes the illustration
and uses the word ""Court"" in place of the
words ""Court of Justice"". 2(6): No change. 2(7): Words ""whoever does"" and ""is said to do that
thing dishonestly"" are excluded. 2(8): Words ""and includes electronic and digital
record"" are added.
BNS Section 2(8) incorporates both the
sections 29 and 29A of IPC and adds digital
records. 2(9): Phraseology changed but essence is same. 2(10): Word ""transgender"" is added apart from
genders of ""male"" and ""female"". 2(11): No change. 2(12): Words ""Government of a State"" are replaced
by ""State Government"". 2(13): Words ""Except in section 157 and in sec"
IPC,6,Definitions in the Code to be understood subject to exceptions,BNS,3,General explanations,merged,"3(1): Section is included as sub-section in BNS sans
heading. 3(2): D itto. 3(3): Section is included as a sub-section in BNS
sans heading. ""Wife"" is replaced by ""Spouse"". 3(4): Section is included as sub-section in BNS sans
heading. 3(5): Section is included as sub-section in BNS sans
h eading. No other change. 3(6): D itto. 3(7): Ditto. 3(8): Ditto. 3(9): Ditto."
IPC,7,Sense of expression once explained,BNS,3,General explanations,merged,"3(1): Section is included as sub-section in BNS sans
heading. 3(2): D itto. 3(3): Section is included as a sub-section in BNS
sans heading. ""Wife"" is replaced by ""Spouse"". 3(4): Section is included as sub-section in BNS sans
heading. 3(5): Section is included as sub-section in BNS sans
h eading. No other change. 3(6): D itto. 3(7): Ditto. 3(8): Ditto. 3(9): Ditto."
IPC,27,"Property in possession of wife, clerk or servant",BNS,3,General explanations,merged,"3(1): Section is included as sub-section in BNS sans
heading. 3(2): D itto. 3(3): Section is included as a sub-section in BNS
sans heading. ""Wife"" is replaced by ""Spouse"". 3(4): Section is included as sub-section in BNS sans
heading. 3(5): Section is included as sub-section in BNS sans
h eading. No other change. 3(6): D itto. 3(7): Ditto. 3(8): Ditto. 3(9): Ditto."
IPC,32,Words referring to acts include illegal omissions,BNS,3,General explanations,merged,"3(1): Section is included as sub-section in BNS sans
heading. 3(2): D itto. 3(3): Section is included as a sub-section in BNS
sans heading. ""Wife"" is replaced by ""Spouse"". 3(4): Section is included as sub-section in BNS sans
heading. 3(5): Section is included as sub-section in BNS sans
h eading. No other change. 3(6): D itto. 3(7): Ditto. 3(8): Ditto. 3(9): Ditto."
IPC,34,Acts done by several persons in furtherance of common intention -,BNS,3,General explanations,merged,"3(1): Section is included as sub-section in BNS sans
heading. 3(2): D itto. 3(3): Section is included as a sub-section in BNS
sans heading. ""Wife"" is replaced by ""Spouse"". 3(4): Section is included as sub-section in BNS sans
heading. 3(5): Section is included as sub-section in BNS sans
h eading. No other change. 3(6): D itto. 3(7): Ditto. 3(8): Ditto. 3(9): Ditto."
IPC,35,When such an act is criminal by reason of its being done with a criminal knowledge or intention,BNS,3,General explanations,merged,"3(1): Section is included as sub-section in BNS sans
heading. 3(2): D itto. 3(3): Section is included as a sub-section in BNS
sans heading. ""Wife"" is replaced by ""Spouse"". 3(4): Section is included as sub-section in BNS sans
heading. 3(5): Section is included as sub-section in BNS sans
h eading. No other change. 3(6): D itto. 3(7): Ditto. 3(8): Ditto. 3(9): Ditto."
IPC,36,Effect caused partly by act and partly by omission,BNS,3,General explanations,merged,"3(1): Section is included as sub-section in BNS sans
heading. 3(2): D itto. 3(3): Section is included as a sub-section in BNS
sans heading. ""Wife"" is replaced by ""Spouse"". 3(4): Section is included as sub-section in BNS sans
heading. 3(5): Section is included as sub-section in BNS sans
h eading. No other change. 3(6): D itto. 3(7): Ditto. 3(8): Ditto. 3(9): Ditto."
IPC,37,Co-operation by doing one of several acts constituting an offence,BNS,3,General explanations,merged,"3(1): Section is included as sub-section in BNS sans
heading. 3(2): D itto. 3(3): Section is included as a sub-section in BNS
sans heading. ""Wife"" is replaced by ""Spouse"". 3(4): Section is included as sub-section in BNS sans
heading. 3(5): Section is included as sub-section in BNS sans
h eading. No other change. 3(6): D itto. 3(7): Ditto. 3(8): Ditto. 3(9): Ditto."
IPC,38,Persons concerned in criminal Act may be guilty of different offences,BNS,3,General explanations,merged,"3(1): Section is included as sub-section in BNS sans
heading. 3(2): D itto. 3(3): Section is included as a sub-section in BNS
sans heading. ""Wife"" is replaced by ""Spouse"". 3(4): Section is included as sub-section in BNS sans
heading. 3(5): Section is included as sub-section in BNS sans
h eading. No other change. 3(6): D itto. 3(7): Ditto. 3(8): Ditto. 3(9): Ditto."
IPC,53,Punishments,BNS,4,Punishments,direct,"4: 'Community service' is added to punishments.
The definition of community service is not
given in BNS, but the explanation in Section
23 of the BNSS defines it as the ""work which
the court may order a convert to perform as a
form of punishment that benefits the
community, for which he shall not be entitled
to any remuneration""."
IPC,54,Commutation of sentence of death,BNS,5,Commutation of sentence,merged,"5: In this section, a cross reference to BNSS has
been made, whereas IPC does not refer to
C rPC in this context."
IPC,55,Commutation of sentence of imprisonment for life,BNS,5,Commutation of sentence,merged,"5: In this section, a cross reference to BNSS has
been made, whereas IPC does not refer to
C rPC in this context."
IPC,57,Fractions of terms of punishment,BNS,6,Fractions of terms of punishment,direct,"6: Words ""unless otherwise provided"" are added"
IPC,60,Sentence may be (in certain cases of imprisonment) wholly or partly rigorous or simple,BNS,7,Sentence may be (in certain cases of imprisonment) wholly or partly rigorous or simple,direct,7: No change.
IPC,63,Amount of fine,BNS,8,"Amount of fine, liability in default of payment of fine, etc",merged,"8(1): IPC section is included as subsection in BNS
with addition of words 'liability in default of
payment of fine, etc.' in heading. 8(2): IPC section is included as sub-section in BNS
sans heading. 8(3): Ditto. 8(4): The IPC section is included as a sub-section in
BNS, sans heading. ""or in default of
community service"" is added.. 8(5): IPC section is included as sub-section in BNS,
sans heading. Words ""or in default of
community service"" are added. Imprisonment
and fine are increased. 8(6): Heading is dropped as two sections of IPC are
merged in this one sub-section of BNS. 8(7): Section is included as sub-section in BNS,
sans heading."
IPC,64,Sentence of imprisonment for non-payment of fine,BNS,8,"Amount of fine, liability in default of payment of fine, etc",merged,"8(1): IPC section is included as subsection in BNS
with addition of words 'liability in default of
payment of fine, etc.' in heading. 8(2): IPC section is included as sub-section in BNS
sans heading. 8(3): Ditto. 8(4): The IPC section is included as a sub-section in
BNS, sans heading. ""or in default of
community service"" is added.. 8(5): IPC section is included as sub-section in BNS,
sans heading. Words ""or in default of
community service"" are added. Imprisonment
and fine are increased. 8(6): Heading is dropped as two sections of IPC are
merged in this one sub-section of BNS. 8(7): Section is included as sub-section in BNS,
sans heading."
IPC,65,"Limit to imprisonment for non-payment of fine, when imprisonment and fine awardable",BNS,8,"Amount of fine, liability in default of payment of fine, etc",merged,"8(1): IPC section is included as subsection in BNS
with addition of words 'liability in default of
payment of fine, etc.' in heading. 8(2): IPC section is included as sub-section in BNS
sans heading. 8(3): Ditto. 8(4): The IPC section is included as a sub-section in
BNS, sans heading. ""or in default of
community service"" is added.. 8(5): IPC section is included as sub-section in BNS,
sans heading. Words ""or in default of
community service"" are added. Imprisonment
and fine are increased. 8(6): Heading is dropped as two sections of IPC are
merged in this one sub-section of BNS. 8(7): Section is included as sub-section in BNS,
sans heading."
IPC,66,Description of imprisonment for non-payment of fine,BNS,8,"Amount of fine, liability in default of payment of fine, etc",merged,"8(1): IPC section is included as subsection in BNS
with addition of words 'liability in default of
payment of fine, etc.' in heading. 8(2): IPC section is included as sub-section in BNS
sans heading. 8(3): Ditto. 8(4): The IPC section is included as a sub-section in
BNS, sans heading. ""or in default of
community service"" is added.. 8(5): IPC section is included as sub-section in BNS,
sans heading. Words ""or in default of
community service"" are added. Imprisonment
and fine are increased. 8(6): Heading is dropped as two sections of IPC are
merged in this one sub-section of BNS. 8(7): Section is included as sub-section in BNS,
sans heading."
IPC,67,"Imprisonment for non-payment of fine, when offence punishable with fine only",BNS,8,"Amount of fine, liability in default of payment of fine, etc",merged,"8(1): IPC section is included as subsection in BNS
with addition of words 'liability in default of
payment of fine, etc.' in heading. 8(2): IPC section is included as sub-section in BNS
sans heading. 8(3): Ditto. 8(4): The IPC section is included as a sub-section in
BNS, sans heading. ""or in default of
community service"" is added.. 8(5): IPC section is included as sub-section in BNS,
sans heading. Words ""or in default of
community service"" are added. Imprisonment
and fine are increased. 8(6): Heading is dropped as two sections of IPC are
merged in this one sub-section of BNS. 8(7): Section is included as sub-section in BNS,
sans heading."
IPC,68,Imprisonment to terminate on payment of fine,BNS,8,"Amount of fine, liability in default of payment of fine, etc",merged,"8(1): IPC section is included as subsection in BNS
with addition of words 'liability in default of
payment of fine, etc.' in heading. 8(2): IPC section is included as sub-section in BNS
sans heading. 8(3): Ditto. 8(4): The IPC section is included as a sub-section in
BNS, sans heading. ""or in default of
community service"" is added.. 8(5): IPC section is included as sub-section in BNS,
sans heading. Words ""or in default of
community service"" are added. Imprisonment
and fine are increased. 8(6): Heading is dropped as two sections of IPC are
merged in this one sub-section of BNS. 8(7): Section is included as sub-section in BNS,
sans heading."
IPC,69,Termination of imprisonment on payment of proportional part of fine,BNS,8,"Amount of fine, liability in default of payment of fine, etc",merged,"8(1): IPC section is included as subsection in BNS
with addition of words 'liability in default of
payment of fine, etc.' in heading. 8(2): IPC section is included as sub-section in BNS
sans heading. 8(3): Ditto. 8(4): The IPC section is included as a sub-section in
BNS, sans heading. ""or in default of
community service"" is added.. 8(5): IPC section is included as sub-section in BNS,
sans heading. Words ""or in default of
community service"" are added. Imprisonment
and fine are increased. 8(6): Heading is dropped as two sections of IPC are
merged in this one sub-section of BNS. 8(7): Section is included as sub-section in BNS,
sans heading."
IPC,70,"Fine leviable within six years, or during imprisonment – Death not to discharge property from liability",BNS,8,"Amount of fine, liability in default of payment of fine, etc",merged,"8(1): IPC section is included as subsection in BNS
with addition of words 'liability in default of
payment of fine, etc.' in heading. 8(2): IPC section is included as sub-section in BNS
sans heading. 8(3): Ditto. 8(4): The IPC section is included as a sub-section in
BNS, sans heading. ""or in default of
community service"" is added.. 8(5): IPC section is included as sub-section in BNS,
sans heading. Words ""or in default of
community service"" are added. Imprisonment
and fine are increased. 8(6): Heading is dropped as two sections of IPC are
merged in this one sub-section of BNS. 8(7): Section is included as sub-section in BNS,
sans heading."
IPC,71,Limit of punishment of offence made up of several offences,BNS,9,Limit of punishment of offence made up of several offences,direct,9: No change.
IPC,72,"Punishment of person guilty of one of several offences, the judgment stating that it is doubtful of which",BNS,10,"Punishment of person guilty of one of several offences, judgment stating that it is doubtful of which",direct,10: No change.
IPC,73,Solitary confinement,BNS,11,Solitary confinement,direct,"11: Word ""that is to say"" is replaced with
""namely""."
IPC,74,Limit of solitary confinement,BNS,12,Limit of solitary confinement,direct,12: No Change
IPC,75,Enhanced punishment for certain offences under Chapter XII or Chapter XVII after previous conviction,BNS,13,Enhanced punishment for certain offences after previous conviction,direct,"13: No changes were made except for the
corresponding chapter numbers mentioned in
heading are dropped in BNS."
IPC,76,"Act done by a person bound, or by mistake of fact believing himself bound, by law",BNS,14,"Act done by a person bound, or by mistake of fact believing himself bound, by law",direct,14: No change.
IPC,77,Act of Judge when acting judicially,BNS,15,Act of Judge when acting judicially,direct,15: No change.
IPC,78,Act done pursuant to the judgment or order of Court,BNS,16,Act done pursuant to judgment or order of Court,direct,"16: Words 'Court of Justice' is replaced by
""Court""."
IPC,79,"Act done by a person justified, or by mistake of fact believing himself, justified, by law",BNS,17,"done by a justified, by mistake of believing justified, law",direct,17: No change.
IPC,80,Accident in doing a lawful act,BNS,18,Accident in doing a lawful act,direct,18: No change.
IPC,81,"Act likely to cause harm, but done without criminal intent, and to prevent other harm",BNS,19,"Act likely to cause harm, but done without criminal intent, and to prevent other harm",direct,"19: Word ""steam"" is excluded in illustration."
IPC,82,Act of a child under seven years of age,BNS,20,Act of a child under seven years of age,direct,20: No change.
IPC,83,Act of a child above seven and under twelve of immature understanding,BNS,21,Act of a child above seven and under twelve years of age of immature understanding,direct,21: No change.
IPC,84,Act of a person of unsound mind,BNS,22,Act of a person of unsound mind,direct,22: No change.
IPC,85,Act of a person incapable of judgment by reason of intoxication caused against his will,BNS,23,Act of a person incapable of judgment by reason of intoxication caused against his will,direct,23: No change.
IPC,86,Offence requiring a particular intent or knowledge committed by one who is intoxicated,BNS,24,Offence requiring a particular intent or knowledge committed by one who is intoxicated,direct,24: No change.
IPC,87,"Act not intended and not known to be likely to cause death or grievous hurt, done by consent",BNS,25,"Act not intended and not known to be likely to cause death or grievous hurt, done by consent",direct,25: No change.
IPC,88,"Act not intended to cause death, done by consent in good faith for person's benefit",BNS,26,"Act not intended to cause death, done by consent in good faith for person's benefit",direct,26: No change.
IPC,89,"Act done in good faith for benefit of child or insane person, by or by consent of guardian",BNS,27,"Act done in good faith for benefit of child or person of unsound mind, by, or by consent of guardian",direct,"27: Words ""insane person"" are replaced with
""person of unsound mind""."
IPC,90,Consent known to be given under fear or misconception,BNS,28,to be under or,direct,28: No change.
IPC,91,Exclusion of acts which are offences independently of harm cause,BNS,29,Exclusion of acts which are offences independently of harm caused,direct,29: No change.
IPC,92,Act done in good faith for benefit of a person without consent,BNS,30,Act done in good faith for benefit of a person without consent,direct,30: No change.
IPC,93,Communication made in good faith,BNS,31,Communication made in good faith,direct,31: No change.
IPC,94,Act to which a person is compelled by threats,BNS,32,Act to which a person is compelled by threats,direct,32: No change.
IPC,95,Act causing slight harm,BNS,33,Act causing slight harm,direct,33: No change.
IPC,96,Things done in private defence,BNS,34,Things done in private defence,direct,34: No change.
IPC,97,Right of private defence of the body and of property,BNS,35,Right of private defence of body and of property,direct,"35: Paragraphs are rephrased as clauses (a), (b),
(c)."
IPC,98,"Right of private defence against the act of a person of unsound mind, etc",BNS,36,"Right of private defence against act of a person of unsound mind, etc",direct,"36: In Illustrations, words ""under the influence of
madness"" are replaced by ""a person of
unsound mind""."
IPC,99,Acts against which there is no right of private defence,BNS,37,Acts against which there is no right of private defence,direct,"37: The IPC section is reframed into two
subsections, and the first paragraph is
reframed as sub-section 1 with clauses (a), (b),
and (c). The second paragraph is reproduced
as subsection (2) sans heading."
IPC,100,When the right of private defence of the body extends to causing death,BNS,38,When right of private defence of body extends to causing death,direct,"38: First, secondly, thirdly, fourthly, fifthly,
sixthly, seventhly are replaced with
(a),(b),(c),(d),(e),(f),(g)."
IPC,101,When such right extends to causing any harm other than death,BNS,39,When such right extends to causing any harm other than death,direct,39: No change.
IPC,102,Commencement and continuance of the right of private defence of the body,BNS,40,Commencement and continuance of right of private defence of body,direct,40: No change.
IPC,103,When the right of private defence of property extends to causing death,BNS,41,When right of private defence of property extends to causing death,direct,"41: Words ""by night"" are replaced by ""after
sunset and before sunrise"" and ""Mischief by
fire"", replaced by ""Mischief by fire or any
explosive substance""."
IPC,104,When such right to causing any harm other than death,BNS,42,When such right extends to causing any harm other than death,direct,42: No change.
IPC,105,Commencement and continuance of the right of private defence of property,BNS,43,Commencement and continuance of right of private defence of property,direct,"43: Words ""by night"" are replaced by ""after
sunset and before sunrise""."
IPC,106,Right of private defence against deadly assault when there is risk of harm to innocent person,BNS,44,Right of private defence against deadly assault when there is risk of harm to innocent person,direct,44: No change.
IPC,107,Abetment of a thing,BNS,45,Abetment of a thing,direct,"45: Words ""Court of justice"" are replaced with
""Court""."
IPC,108,Abettor,BNS,46,Abettor,direct,"46: Word ""lunatic"" is replaced by words ""a person
of unsound mind""."
IPC,108A,Abetment in India of offences outside India,BNS,47,Abetment in India of offences outside India,direct,"47: Word ""Goa"" is replaced by ""country X"" in
illustration."
IPC,109,Punishment of abetment if the act abetted is committed in consequence and where no express provision is made for its punishment,BNS,49,Punishment of abetment if act abetted is committed in consequence and where no express provision is made for its punishment,direct,49: No change.
IPC,110,Punishment of abetment if person abetted does act with different intention from that of abettor,BNS,50,Punishment of abetment if person abetted does act with different intention from that of abettor,direct,50: No change.
IPC,111,Liability of abettor when one act abetted and different act done,BNS,51,Liability of abettor when one act abetted and different act done,direct,51: No change.
IPC,112,Abettor when liable to cumulative punishment for act abetted and for act done,BNS,52,Abettor when liable to cumulative punishment for act abetted and for act done,direct,"52: Words ""the last preceding section"" is replaced
by ""section 51""."
IPC,113,Liability of abettor for an effect caused by the act abetted different from that intended by the abettor,BNS,53,Liability of abettor for an effect caused by act abetted different from that intended by abettor,direct,53: No change.
IPC,114,Abettor present when offence is committed,BNS,54,Abettor present when offence is committed,direct,54: No change.
IPC,115,Abetment of offence punishable with death or imprisonment for life if offence not committed,BNS,55,Abetment of offence punishable with death or imprisonment for life,direct,55: No change.
IPC,116,Abetment of offence punishable with imprisonment—if offence be not committed,BNS,56,Abetment of offence punishable with imprisonment,direct,"56: The words ""if offence be not committed"" are
excluded from the heading.
The heading of paragraph 2, ""If abettor or
person abetted be a public servant whose duty
it is to prevent offence"" is excluded.
The word ""by"" is replaced by ""under"""
IPC,117,Abetting commission of offence by the public or by more than ten persons,BNS,57,Abetting commission of offence by public or by more than ten persons,direct,"57: Imprisonment is increased from three years to
seven years."
IPC,118,Concealing design to commit offence punishable with death or imprisonment for life,BNS,58,Concealing design to commit offence punishable with death or imprisonment for life,direct,"58: Words ""in either case"" are excluded from
clause (b)."
IPC,119,Public servant concealing design to commit offence which it is his duty to prevent,BNS,59,Public servant concealing design to commit offence which it is his duty to prevent,direct,59: No change.
IPC,120,Concealing design to commit offence punishable with imprisonment,BNS,60,Concealing design to commit offence punishable with imprisonment,direct,60: No change.
IPC,120A,Definition of criminal conspiracy,BNS,61,Criminal conspiracy,merged,"61(1): IPC section is included as sub-section in BNS. 61(2): IPC section is included as sub-section in BNS,
sans heading."
IPC,120B,Punishment of criminal conspiracy,BNS,61,Criminal conspiracy,merged,"61(1): IPC section is included as sub-section in BNS. 61(2): IPC section is included as sub-section in BNS,
sans heading."
IPC,511,Punishment for attempting to commit offences punishable with imprisonment for life or other imprisonment,BNS,62,Punishment for attempting to commit offences punishable with imprisonment for life or other imprisonment,direct,62: No change.
IPC,375,Rape1,BNS,63,Rape,direct,"63: Age of Consent: 15 years is replaced by 18
years in BNS. Exception 2 of Section 63 states
that ""sexual intercourse or acts by a man with
his wife, the wife not being under 18 years of
age, is not rape""."
IPC,376,Punishment for rape1,BNS,64,Punishment for rape,split,"64: Word ""military"" is replaced with ""army""."
IPC,376,Punishment for rape1,BNS,65,Punishment for rape in certain cases,split,"65(1): No change. 65(2): Section is included as sub-section in BNS sans
h eading."
IPC,376AB,Punishment for rape on woman under twelve years of age2,BNS,65,Punishment for rape in certain cases,merged,"65(1): No change. 65(2): Section is included as sub-section in BNS sans
h eading."
IPC,376A,Punishment for causing death or resulting in persistent vegetative state of victim1,BNS,66,Punishment for causing death or resulting in persistent vegetative state of victim,direct,66: No change.
IPC,376B,Sexual intercourse by husband upon his wife during separation,BNS,67,Sexual intercourse by husband upon his wife during separation,direct,67: No change.
IPC,376C,Sexual intercourse by person in authority1,BNS,68,Sexual intercourse by a person in authority,direct,68: No change.
IPC,376D,Gang rape1,BNS,70,Gang rape,merged,"70(1): No Change except IPC section is included as
subsection in BNS. 70(2): In 376DB IPC, the age of the victim is 12
years, and punishment is the death penalty. In
70(2) BNS, the age of the victim is under 18
years, and punishment is the death penalty.
Section is included as a sub-section in BNS,
sans heading."
IPC,376DB,Punishment for gang rape on woman under twelve years of age2,BNS,70,Gang rape,merged,"70(1): No Change except IPC section is included as
subsection in BNS. 70(2): In 376DB IPC, the age of the victim is 12
years, and punishment is the death penalty. In
70(2) BNS, the age of the victim is under 18
years, and punishment is the death penalty.
Section is included as a sub-section in BNS,
sans heading."
IPC,376E,Punishment for repeat offenders1,BNS,71,Punishment for repeat offenders,direct,71: No change.
IPC,228A,"Disclosure of identity of the victim of certain offences, etc",BNS,72,"Disclosure of identity of victim of certain offences, etc",split,"72: Word ""minor' is replaced by 'child'."
IPC,228A,"Disclosure of identity of the victim of certain offences, etc",BNS,73,Printing or publishing any matter relating to Court proceedings without permission,split,"73: Sub-section of IPC is treated as individual
section in BNS with heading."
IPC,354,Assault or criminal force to woman with intent to outrage her modesty,BNS,74,Assault or use of criminal force to woman with intent to outrage her modesty,direct,74: No change.
IPC,354A,Sexual harassment and punishment for sexual harassment1,BNS,75,Sexual harassment,direct,75: No change.
IPC,354B,Assault or use of criminal force to woman with intent to disrobe1,BNS,76,Assault or use of criminal force to woman with intent to disrobe,direct,"76: Words ""Any man who"" is replaced by
""Whoever""."
IPC,354C,Voyeurism1,BNS,77,Voyeurism,direct,77: Ditto.
IPC,354D,Stalking1,BNS,78,Stalking,direct,78: No change.
IPC,509,"Word, gesture or act intended to insult the modesty of a woman",BNS,79,"Word, gesture or act intended to insult modesty of a woman",direct,79: No change.
IPC,304B,Dowry death,BNS,80,Dowry death,direct,80: No change.
IPC,493,Cohabitation caused by a man deceitfully inducing a belief of lawful marriage,BNS,81,Cohabitation caused by man deceitfully inducing belief of lawful marriage,direct,81: No change.
IPC,494,Marrying again during lifetime of husband or wife,BNS,82,Marrying again during lifetime of husband or wife,merged,"82(1): IPC section is included as a sub-section. 82(2): IPC section is included as sub-section in BNS
sans heading.
Words ""defined in last preceding section"" are
excluded."
IPC,495,Same offence with concealment of former marriage from person with whom subsequent marriage is contracted,BNS,82,Marrying again during lifetime of husband or wife,merged,"82(1): IPC section is included as a sub-section. 82(2): IPC section is included as sub-section in BNS
sans heading.
Words ""defined in last preceding section"" are
excluded."
IPC,496,Marriage ceremony fraudulently gone through without lawful marriage,BNS,83,Marriage ceremony fraudulently gone through without lawful marriage,direct,83: No change.
IPC,498,Enticing or taking away or detaining with criminal intent a married woman,BNS,84,Enticing or taking away or detaining with criminal intent a married woman,direct,"84: The words ""from that man or from any person
having the care of her on behalf of that man""
are excluded."
IPC,498A,Counterfeiting currency-notes or bank-notes,BNS,85,Husband or relative of husband of a woman subjecting her to cruelty,split,85: No change.
IPC,498A,Counterfeiting currency-notes or bank-notes,BNS,86,Cruelty defined,split,"86: IPC Section 498A has been bifurcated into
Sections 85 and 86. The IPC explanation part
has been provided in Section 86 BNS under
the heading Cruelty defined."
IPC,366,"Kidnapping, abducting or inducing woman to compel her marriage, etc",BNS,87,"Kidnapping, abducting or inducing woman to compel her marriage, etc",direct,87: No change.
IPC,312,Causing miscarraige,BNS,88,Causing miscarriage,direct,88: No change.
IPC,313,Causing miscarriage without woman's consent,BNS,89,Causing miscarriage without woman's consent,direct,"89: In place of words ""defined in last preceding
section"" previous section number is
mentioned in BNS."
IPC,314,Death caused by act done with intent to cause miscarriage,BNS,90,Death caused by act done with intent to cause miscarriage,direct,"90: Heading of para-2 ""if act done without
woman's consent"" is excluded. The words
""Where the act referred to in sub-section (1)""
are added."
IPC,315,Act done with intent to prevent child being born alive or to cause it to die after birth,BNS,91,Act done with intent to prevent child being born alive or to cause to die after birth,direct,91: No change.
IPC,316,Causing death of quick unborn child by act amounting to culpable homicide-,BNS,92,Causing death of quick unborn child by act amounting to culpable homicide,direct,92: No change.
IPC,317,"Exposure and abandonment of child under twelve years, by parent or person having care of it",BNS,93,"Exposure and abandonment of child under twelve years of age, by parent or person having care of it",direct,93: No change.
IPC,318,Concealment of birth by secret disposal of dead body,BNS,94,Concealment of birth by secret disposal of dead body,direct,94: No change.
IPC,366A,Procreation of minor girl,BNS,96,Procuration of child,direct,"96: Words ""minor girl under the age of eighteen
years"" are replaced by word ""child"" and made
gender neutral."
IPC,369,Kidnapping or abducting child under ten years with intent to steal from its person,BNS,97,Kidnapping or abducting child under ten years of age with intent to steal from its person,direct,97: No change.
IPC,372,"Selling minor for purposes of prostitution, etc",BNS,98,"Selling child for purposes of prostitution, etc",direct,"98: ""minor"" is replaced by ""child"" in heading and
words ""any person under the age of eighteen
years"" are replaced by the word ""child'."
IPC,373,"Buying minor for purposes of prostitution, etc",BNS,99,"Buying child for purposes of prostitution, etc",direct,"99: Minimum mandatory punishment is
introduced as seven years, and the upper limit
of imprisonment is extended up to fourteen
years in BNS, in place of ten years in IPC.
Words ""any person under the age of eighteen
years"" are replaced by the word ""child'."
IPC,299,Culpable homicide,BNS,100,Culpable homicide,direct,100: No change.
IPC,300,Murder,BNS,101,Murder,direct,"101: Formal changes, but essence is the same,
Secondly, thirdly, and fourthly, are replaced
by clauses (a), (b), (c), and (d).
The word ""it"" is replaced by the words ""the
act by which death is caused""."
IPC,301,Culpable homicide by causing death of person other than person whose death was intended,BNS,102,Culpable homicide by causing death of person other than person whose death was intended,direct,102: No change.
IPC,302,Punishment for murder,BNS,103,Punishment for murder,direct,"103
(1): No Change, except IPC section is included as
subsection in BNS. 103
(2): ""When a group of five or more persons acting
in concert commits murder on the ground of"
IPC,303,Punishment for murder by life-convict,BNS,104,Punishment for murder by life-convict,direct,"104: BNS gives an alternate punishment for the
life-convict murderer as death 'or with
imprisonment for life, which shall mean the
remainder of that person's natural life',
whereas in IPC, only punishment is a death
sentence for murder by a life convict."
IPC,304,Punishment for culpable homicide not amounting to murder,BNS,105,Punishment for culpable homicide not amounting to murder,direct,"105: Minimum imprisonment for five years is
added and fine is made mandatory."
IPC,304A,Causing death by negligence,BNS,106,Causing death by negligence,direct,"106
(1): IPC section is included as subsection in BNS.
Imprisonment is increased and offence by
registered medical practitioner and its
explanation are added. 106
(2): This is a new addition, but it will not come
into force from 1st July 2024 with other new
laws, it is kept on hold."
IPC,305,Abetment of suicide of child or insane person,BNS,107,Abetment of suicide of child or person of unsound mind,direct,"107: Formal changes but essence is same-
'insane person' is replaced by 'person of
unsound mind'."
IPC,306,Abetment of suicide,BNS,108,Abetment of suicide,direct,108: No change.
IPC,307,Attempt to murder,BNS,109,Attempt to murder,direct,"109: Under IPC, Section 307 Clause 2 prescribes
the death penalty only for an attempt to
murder by a life-convict, but alternate
punishment is given in Section 109(2) of the
BNS, which states that ""be punished with
death or with imprisonment for life, which
shall mean the remainder of that person's
natural life""."
IPC,308,Attempt to commit culpable homicide,BNS,110,Attempt to commit culpable homicide,direct,110: No change.
IPC,319,Hurt,BNS,114,Hurt,direct,114: No change.
IPC,321,Voluntarily causing hurt,BNS,115,Voluntarily causing hurt,merged,"115
(1): No Change except IPC section is included as
subsection in BNS. 115
(2): Section is included as sub-section in BNS sans
heading. Fine is increased (which may extend
to ten thousand rupees)."
IPC,323,Punishment for voluntarily causing hurt,BNS,115,Voluntarily causing hurt,merged,"115
(1): No Change except IPC section is included as
subsection in BNS. 115
(2): Section is included as sub-section in BNS sans
heading. Fine is increased (which may extend
to ten thousand rupees)."
IPC,320,Grievous hurt,BNS,116,Grievous hurt,direct,"116: Suffering threshold period for grievous hurt is
reduced from twenty days to fifteen days."
IPC,322,Voluntarily causing grievous hurt,BNS,117,Voluntarily causing grievous hurt,merged,"117
(1): No change. 117
(2): Formal changes but essence is same. 117
(3): New addition. ""Whoever commits an offence
under sub-section (1) and in the course of such
commission causes any hurt to a person which
causes that person to be in permanent disability
or in persistent vegetative state, shall be
punished with rigorous imprisonment for a
term which shall not be less than ten years but
which may extend to imprisonment for life,
which shall mean imprisonment for the
remainder of that person's natural life"". 117
(4): New addition. ""When a group of five or more
persons acting in concert, causes grievous hurt
to a person on the ground of his race, caste or
community, sex, place of birth, language,
personal belief or any other similar ground,
each member of such group shall be guilty of
the offence of causing grievous hurt, and shall
be punished with imprisonment of either"
IPC,325,Punishment for voluntarily causing grievous hurt,BNS,117,Voluntarily causing grievous hurt,merged,"117
(1): No change. 117
(2): Formal changes but essence is same. 117
(3): New addition. ""Whoever commits an offence
under sub-section (1) and in the course of such
commission causes any hurt to a person which
causes that person to be in permanent disability
or in persistent vegetative state, shall be
punished with rigorous imprisonment for a
term which shall not be less than ten years but
which may extend to imprisonment for life,
which shall mean imprisonment for the
remainder of that person's natural life"". 117
(4): New addition. ""When a group of five or more
persons acting in concert, causes grievous hurt
to a person on the ground of his race, caste or
community, sex, place of birth, language,
personal belief or any other similar ground,
each member of such group shall be guilty of
the offence of causing grievous hurt, and shall
be punished with imprisonment of either"
IPC,324,Voluntarily causing hurt by dangerous weapons or means,BNS,118,hurt or hurt dangerous or,merged,"118 (1): IPC section is included as a sub-section in
BNS.
Fine is increased which may extend to twenty
thousand rupees and words ""'grievous hurt""
are added in heading. 118 (2): IPC section is included as a sub-section in
BNS sans heading. Mandatory minimum
imprisonment for one year is added."
IPC,326,Voluntarily causing grievous hurt by dangerous weapons or means,BNS,118,hurt or hurt dangerous or,merged,"118 (1): IPC section is included as a sub-section in
BNS.
Fine is increased which may extend to twenty
thousand rupees and words ""'grievous hurt""
are added in heading. 118 (2): IPC section is included as a sub-section in
BNS sans heading. Mandatory minimum
imprisonment for one year is added."
IPC,327,"Voluntarily causing hurt to extort property, or to constrain to an illegal act",BNS,119,"Voluntarily causing hurt or grievous hurt to extort property, or to constrain to an illegal act",merged,"119 (1): No change except that the IPC section is
included as a sub-section in BNS. 119 (2): IPC section is included as a sub-section in
BNS sans heading. The words ""any purpose
referred to in sub-section (1)"" is added."
IPC,329,"Voluntarily causing grievous hurt to extort property, or to constrain to an illegal act",BNS,119,"Voluntarily causing hurt or grievous hurt to extort property, or to constrain to an illegal act",merged,"119 (1): No change except that the IPC section is
included as a sub-section in BNS. 119 (2): IPC section is included as a sub-section in
BNS sans heading. The words ""any purpose
referred to in sub-section (1)"" is added."
IPC,330,Voluntarily causing hurt to extort confession or to compel restoration of property,BNS,120,"Voluntarily causing hurt or grievous hurt to extort confession, or to compel restoration of property",merged,"120 (1): IPC section is included as a sub-section in
BNS. 120 (2): IPC section is included as a sub-section in
BNS sans heading. Words ""any purpose
referred to in sub-section (1)"" are added."
IPC,331,"Voluntarily causing grievous hurt to extort confession, or to compel restoration of property",BNS,120,"Voluntarily causing hurt or grievous hurt to extort confession, or to compel restoration of property",merged,"120 (1): IPC section is included as a sub-section in
BNS. 120 (2): IPC section is included as a sub-section in
BNS sans heading. Words ""any purpose
referred to in sub-section (1)"" are added."
IPC,332,Voluntarily causing hurt to deter public servant from his duty,BNS,121,Voluntarily causing hurt or grievous hurt to deter public servant from his duty,merged,"121 (1): IPC section is included as a subsection in
BNS. Imprisonment is increased from three to
five years. 121 (2): IPC section is included as a sub-section in
BNS sans heading. Mandatory minimum
imprisonment of one year is added."
IPC,333,Voluntarily causing grievous hurt to deter public servant from his duty,BNS,121,Voluntarily causing hurt or grievous hurt to deter public servant from his duty,merged,"121 (1): IPC section is included as a subsection in
BNS. Imprisonment is increased from three to
five years. 121 (2): IPC section is included as a sub-section in
BNS sans heading. Mandatory minimum
imprisonment of one year is added."
IPC,334,Voluntarily causing hurt on provocation,BNS,122,Voluntarily causing hurt or grievous hurt on provocation,merged,"122 (1): IPC section is included as a subsection in
BNS. Fine is increased from five hundred to
five thousand rupees 122 (2): IPC section is included as a sub-section in
BNS sans heading. Imprisonment is increased
from four to five years and fine is increased
from two thousand to ten thousand rupees."
IPC,335,Voluntarily causing grievous hurt on provocation,BNS,122,Voluntarily causing hurt or grievous hurt on provocation,merged,"122 (1): IPC section is included as a subsection in
BNS. Fine is increased from five hundred to
five thousand rupees 122 (2): IPC section is included as a sub-section in
BNS sans heading. Imprisonment is increased
from four to five years and fine is increased
from two thousand to ten thousand rupees."
IPC,328,"Causing hurt by means of poison, etc., with intent to commit and offence",BNS,123,"Causing hurt by means of poison, etc., with intent to commit an offence",direct,123: No change.
IPC,326A,"Voluntarily causing grievous hurt by use of acid, etc.1",BNS,124,"Voluntarily causing grievous hurt by use of acid, etc",merged,"124 (1): The IPC section is included as a subsection in
BNS. Words ""causes a person to be in a
permanent vegetative state"" are added in
Section 124(1) of the BNS. 124 (2): IPC section is included as a sub-section in
BNS, sans heading.
Words ""permanent vegetative state"" are added"
IPC,326B,"Voluntarily throwing or attempting to throw acid, etc.1",BNS,124,"Voluntarily causing grievous hurt by use of acid, etc",merged,"124 (1): The IPC section is included as a subsection in
BNS. Words ""causes a person to be in a
permanent vegetative state"" are added in
Section 124(1) of the BNS. 124 (2): IPC section is included as a sub-section in
BNS, sans heading.
Words ""permanent vegetative state"" are added"
IPC,336,Act endangering life or personal safety of others,BNS,125,Act endangering life or personal safety of others,merged,"125: Fine is increased from rupees two hundred
and fifty to two thousand five hundred. 125 (a): Fine is increased from five hundred to five
thousand rupees. 125 (b): Imprisonment is increased from two years to
three years and fine is increased from one
thousand to ten thousand rupees."
IPC,337,Causing hurt by act endangering life or personal safety of others,BNS,125,Act endangering life or personal safety of others,merged,"125: Fine is increased from rupees two hundred
and fifty to two thousand five hundred. 125 (a): Fine is increased from five hundred to five
thousand rupees. 125 (b): Imprisonment is increased from two years to
three years and fine is increased from one
thousand to ten thousand rupees."
IPC,338,Causing grievous hurt by act endangering life or personal safety of others,BNS,125,Act endangering life or personal safety of others,merged,"125: Fine is increased from rupees two hundred
and fifty to two thousand five hundred. 125 (a): Fine is increased from five hundred to five
thousand rupees. 125 (b): Imprisonment is increased from two years to
three years and fine is increased from one
thousand to ten thousand rupees."
IPC,339,Wrongful restraint,BNS,126,Wrongful restraint,merged,"126 (1): IPC section is included as a subsection in
BNS. 126 (2): IPC section is included as a sub-section in
BNS, sans heading. Fine is increased from
five hundred rupees to five thousand rupees."
IPC,341,Punishment for wrongful restraint,BNS,126,Wrongful restraint,merged,"126 (1): IPC section is included as a subsection in
BNS. 126 (2): IPC section is included as a sub-section in
BNS, sans heading. Fine is increased from
five hundred rupees to five thousand rupees."
IPC,340,Wrongful confinement,BNS,127,Wrongful confinement,merged,"127 (1): IPC section is included as a subsection in
BNS. 127 (2): IPC section is included as a sub-section in
BNS sans heading. Fine is increased from one
thousand to five thousand rupees. 127 (3): The IPC section is included as a sub-section in
the BNS sans heading. Imprisonment is
increased from two years to three years, and
the fine is extended up to ten thousand
rupees. 127 (4): The IPC section is included as a sub-section in
the BNS sans heading. Imprisonment is
increased from three to five years, and a
minimum fine of ten thousand rupees is
stipulated. 127 (5): IPC section is included as a sub-section in
BNS sans heading. Fine is added. 127 (6): IPC section is included as a sub-section in
BNS sans heading. Imprisonment is increased
from two to three years and fine is added 127 (7): No Change except that IPC section is included
as a sub-section in BNS. 127 (8): IPC section is includ"
IPC,342,Punishment for wrongful confinement,BNS,127,Wrongful confinement,merged,"127 (1): IPC section is included as a subsection in
BNS. 127 (2): IPC section is included as a sub-section in
BNS sans heading. Fine is increased from one
thousand to five thousand rupees. 127 (3): The IPC section is included as a sub-section in
the BNS sans heading. Imprisonment is
increased from two years to three years, and
the fine is extended up to ten thousand
rupees. 127 (4): The IPC section is included as a sub-section in
the BNS sans heading. Imprisonment is
increased from three to five years, and a
minimum fine of ten thousand rupees is
stipulated. 127 (5): IPC section is included as a sub-section in
BNS sans heading. Fine is added. 127 (6): IPC section is included as a sub-section in
BNS sans heading. Imprisonment is increased
from two to three years and fine is added 127 (7): No Change except that IPC section is included
as a sub-section in BNS. 127 (8): IPC section is includ"
IPC,343,Wrongful confinement for three or more days,BNS,127,Wrongful confinement,merged,"127 (1): IPC section is included as a subsection in
BNS. 127 (2): IPC section is included as a sub-section in
BNS sans heading. Fine is increased from one
thousand to five thousand rupees. 127 (3): The IPC section is included as a sub-section in
the BNS sans heading. Imprisonment is
increased from two years to three years, and
the fine is extended up to ten thousand
rupees. 127 (4): The IPC section is included as a sub-section in
the BNS sans heading. Imprisonment is
increased from three to five years, and a
minimum fine of ten thousand rupees is
stipulated. 127 (5): IPC section is included as a sub-section in
BNS sans heading. Fine is added. 127 (6): IPC section is included as a sub-section in
BNS sans heading. Imprisonment is increased
from two to three years and fine is added 127 (7): No Change except that IPC section is included
as a sub-section in BNS. 127 (8): IPC section is includ"
IPC,344,Wrongful confinement for ten or more days,BNS,127,Wrongful confinement,merged,"127 (1): IPC section is included as a subsection in
BNS. 127 (2): IPC section is included as a sub-section in
BNS sans heading. Fine is increased from one
thousand to five thousand rupees. 127 (3): The IPC section is included as a sub-section in
the BNS sans heading. Imprisonment is
increased from two years to three years, and
the fine is extended up to ten thousand
rupees. 127 (4): The IPC section is included as a sub-section in
the BNS sans heading. Imprisonment is
increased from three to five years, and a
minimum fine of ten thousand rupees is
stipulated. 127 (5): IPC section is included as a sub-section in
BNS sans heading. Fine is added. 127 (6): IPC section is included as a sub-section in
BNS sans heading. Imprisonment is increased
from two to three years and fine is added 127 (7): No Change except that IPC section is included
as a sub-section in BNS. 127 (8): IPC section is includ"
IPC,345,Wrongful confinement of person for whose liberation writ has been issued,BNS,127,Wrongful confinement,merged,"127 (1): IPC section is included as a subsection in
BNS. 127 (2): IPC section is included as a sub-section in
BNS sans heading. Fine is increased from one
thousand to five thousand rupees. 127 (3): The IPC section is included as a sub-section in
the BNS sans heading. Imprisonment is
increased from two years to three years, and
the fine is extended up to ten thousand
rupees. 127 (4): The IPC section is included as a sub-section in
the BNS sans heading. Imprisonment is
increased from three to five years, and a
minimum fine of ten thousand rupees is
stipulated. 127 (5): IPC section is included as a sub-section in
BNS sans heading. Fine is added. 127 (6): IPC section is included as a sub-section in
BNS sans heading. Imprisonment is increased
from two to three years and fine is added 127 (7): No Change except that IPC section is included
as a sub-section in BNS. 127 (8): IPC section is includ"
IPC,346,Wrongful confinement in secret,BNS,127,Wrongful confinement,merged,"127 (1): IPC section is included as a subsection in
BNS. 127 (2): IPC section is included as a sub-section in
BNS sans heading. Fine is increased from one
thousand to five thousand rupees. 127 (3): The IPC section is included as a sub-section in
the BNS sans heading. Imprisonment is
increased from two years to three years, and
the fine is extended up to ten thousand
rupees. 127 (4): The IPC section is included as a sub-section in
the BNS sans heading. Imprisonment is
increased from three to five years, and a
minimum fine of ten thousand rupees is
stipulated. 127 (5): IPC section is included as a sub-section in
BNS sans heading. Fine is added. 127 (6): IPC section is included as a sub-section in
BNS sans heading. Imprisonment is increased
from two to three years and fine is added 127 (7): No Change except that IPC section is included
as a sub-section in BNS. 127 (8): IPC section is includ"
IPC,347,"Wrongful confinement to extort property, or constrain to illegal act",BNS,127,Wrongful confinement,merged,"127 (1): IPC section is included as a subsection in
BNS. 127 (2): IPC section is included as a sub-section in
BNS sans heading. Fine is increased from one
thousand to five thousand rupees. 127 (3): The IPC section is included as a sub-section in
the BNS sans heading. Imprisonment is
increased from two years to three years, and
the fine is extended up to ten thousand
rupees. 127 (4): The IPC section is included as a sub-section in
the BNS sans heading. Imprisonment is
increased from three to five years, and a
minimum fine of ten thousand rupees is
stipulated. 127 (5): IPC section is included as a sub-section in
BNS sans heading. Fine is added. 127 (6): IPC section is included as a sub-section in
BNS sans heading. Imprisonment is increased
from two to three years and fine is added 127 (7): No Change except that IPC section is included
as a sub-section in BNS. 127 (8): IPC section is includ"
IPC,348,"Wrongful confinement to extort confession, or compel restoration of property",BNS,127,Wrongful confinement,merged,"127 (1): IPC section is included as a subsection in
BNS. 127 (2): IPC section is included as a sub-section in
BNS sans heading. Fine is increased from one
thousand to five thousand rupees. 127 (3): The IPC section is included as a sub-section in
the BNS sans heading. Imprisonment is
increased from two years to three years, and
the fine is extended up to ten thousand
rupees. 127 (4): The IPC section is included as a sub-section in
the BNS sans heading. Imprisonment is
increased from three to five years, and a
minimum fine of ten thousand rupees is
stipulated. 127 (5): IPC section is included as a sub-section in
BNS sans heading. Fine is added. 127 (6): IPC section is included as a sub-section in
BNS sans heading. Imprisonment is increased
from two to three years and fine is added 127 (7): No Change except that IPC section is included
as a sub-section in BNS. 127 (8): IPC section is includ"
IPC,349,Force,BNS,128,Force,direct,"128: There is a change in phraseology; also, first,
secondly, and thirdly have been replaced with
(a), (b), and (c )."
IPC,350,Criminal force,BNS,129,Criminal force,direct,129: No change.
IPC,351,Assault,BNS,130,Assault,direct,130: No change.
IPC,352,Punishment for assault or criminal force otherwise than on grave provocation,BNS,131,Punishment for assault or criminal force otherwise than on grave provocation,direct,"131: Fine is increased from five hundred to one
thousand rupees."
IPC,353,Assault or criminal force to deter public servant from discharge of his duty,BNS,132,Assault or criminal force to deter public servant from discharge of his duty,direct,132: No change.
IPC,355,"Assault or criminal force with intent to dishonour person, otherwise than on grave provocation",BNS,133,"Assault or criminal force with intent to dishonour person, otherwise than on grave provocation",direct,133: No change.
IPC,356,Assault or criminal force in attempt to commit theft of property carried by a person,BNS,134,Assault or criminal force in attempt to commit theft of property carried by a person,direct,134: No change.
IPC,357,Assault or criminal force in attempting wrongfully to confine a person,BNS,135,Assault or criminal force in attempt to wrongfully confine a person,direct,"135: Fine is increased from one thousand to five
thousand rupees."
IPC,358,Assault or criminal force on grave provocation,BNS,136,Assault or criminal force on grave provocation,direct,"136: Fine is increased from two hundred to one
thousand rupees."
IPC,359,Kidnapping,BNS,137,Kidnapping,merged,"137 (1): IPC section is included as a sub-section in
BNS. 137 (1)
(a): Ditto. 137 (1)
(b): The IPC section is included as a clause in the
BNS. Words ""minor under the age of sixteen
years of male or under eighteen years of age if
a female"" are replaced by ""child"" thus making
it gender neutral. 137 (2): IPC section is included as a sub-section in
BNS sans heading."
IPC,360,Kidnapping from India,BNS,137,Kidnapping,merged,"137 (1): IPC section is included as a sub-section in
BNS. 137 (1)
(a): Ditto. 137 (1)
(b): The IPC section is included as a clause in the
BNS. Words ""minor under the age of sixteen
years of male or under eighteen years of age if
a female"" are replaced by ""child"" thus making
it gender neutral. 137 (2): IPC section is included as a sub-section in
BNS sans heading."
IPC,361,Kidnapping from lawful guardianship,BNS,137,Kidnapping,merged,"137 (1): IPC section is included as a sub-section in
BNS. 137 (1)
(a): Ditto. 137 (1)
(b): The IPC section is included as a clause in the
BNS. Words ""minor under the age of sixteen
years of male or under eighteen years of age if
a female"" are replaced by ""child"" thus making
it gender neutral. 137 (2): IPC section is included as a sub-section in
BNS sans heading."
IPC,363,Punishment for kidnapping,BNS,137,Kidnapping,merged,"137 (1): IPC section is included as a sub-section in
BNS. 137 (1)
(a): Ditto. 137 (1)
(b): The IPC section is included as a clause in the
BNS. Words ""minor under the age of sixteen
years of male or under eighteen years of age if
a female"" are replaced by ""child"" thus making
it gender neutral. 137 (2): IPC section is included as a sub-section in
BNS sans heading."
IPC,362,Abduction,BNS,138,Abduction,direct,138: No change.
IPC,363A,Kidnapping or maiming a minor for purposes of begging,BNS,139,Kidnapping or maiming a child for purposes of begging,direct,"139: The word ""minor"" is replaced by ""child"". The
word ""rigorous"" is added. Imprisonment is
extended up to life, i.e., imprisonment for the
remainder of that person's natural life. The
clause (b) of sub-section (4) definition is
excluded."
IPC,364,Kidnapping or abducting in order to murder,BNS,140,"Kidnapping or abducting in order to murder or for ransom, etc",merged,"140 (1): No Change except that IPC section is included
as a sub-section in BNS. 140 (2): Section is included as a sub-section in BNS
sans heading. 140 (3): Ditto. 140 (4): Ditto."
IPC,364A,"Kidnapping for ransom, etc",BNS,140,"Kidnapping or abducting in order to murder or for ransom, etc",merged,"140 (1): No Change except that IPC section is included
as a sub-section in BNS. 140 (2): Section is included as a sub-section in BNS
sans heading. 140 (3): Ditto. 140 (4): Ditto."
IPC,365,Kidnapping or abducting with intent secretly and wrongfully to confine person,BNS,140,"Kidnapping or abducting in order to murder or for ransom, etc",merged,"140 (1): No Change except that IPC section is included
as a sub-section in BNS. 140 (2): Section is included as a sub-section in BNS
sans heading. 140 (3): Ditto. 140 (4): Ditto."
IPC,367,"Kidnapping or abducting in order to subject person to grievous hurt, slavery, etc",BNS,140,"Kidnapping or abducting in order to murder or for ransom, etc",merged,"140 (1): No Change except that IPC section is included
as a sub-section in BNS. 140 (2): Section is included as a sub-section in BNS
sans heading. 140 (3): Ditto. 140 (4): Ditto."
IPC,366B,Importation of girl from foreign country,BNS,141,Importation of girl or boy from foreign country,direct,"141: Words ""any boy under the age of eighteen
years"" added and ""she"" is replaced by ""girl or
boy""."
IPC,368,"Wrongfully concealing or keeping in confinement, kidnapped or abducted person",BNS,142,"Wrongfully concealing or keeping in confinement, kidnapped or abducted person",direct,142: No change.
IPC,370,Trafficking of person1,BNS,143,Trafficking of person,direct,"143: Word ""minor"" is replaced by ""child""."
IPC,370A,Exploitation of a trafficked person1,BNS,144,Exploitation of a trafficked person,direct,"144: The upper limit of imprisonment is increased
from seven years to ten years, and for sub-
section (2), from five years to seven years.
""minor"" is replaced by ""child""."
IPC,371,Habitual dealing in slaves,BNS,145,Habitual dealing in slaves,direct,145: No change.
IPC,374,Unlawful compulsory labour,BNS,146,Unlawful compulsory labour,direct,146: No change.
IPC,121,"Waging, or attempting to wage war, or abetting waging of war, against the Government of India",BNS,147,"Waging, or attempting to wage war, or abetting waging of war, against Government of India",direct,147: No change.
IPC,121A,Conspiracy to commit offences punishable by section 121,BNS,148,Conspiracy to commit offences punishable by section 147,direct,"148: ""and beyond"" is added."
IPC,122,"Collecting arms, etc., with intention of waging war against the Government of India",BNS,149,"Collecting arms, etc., with intention of waging war against Government of India",direct,149: No change.
IPC,123,Concealing with intent to facilitate design to wage war,BNS,150,Concealing with intent to facilitate design to wage war,direct,150: No change.
IPC,124,"Assaulting President, Governor, etc., with intent to compel or restrain the exercise of any lawful power",BNS,151,"Assaulting President, Governor, etc., with intent to compel or restrain exercise of any lawful power",direct,151: No change.
IPC,125,Waging war against any Asiatic Power in alliance with the Government of India,BNS,153,Waging war against Government of any foreign State at peace with Government of India,direct,"153: Words ""any Asiatic power in alliance"" are
replaced by ""Government of any foreign State
at peace""."
IPC,126,Committing depredation on territories of Power at peace with the Government of India,BNS,154,Committing depredation on territories of foreign State at peace with Government of India,direct,"154: Words ""any power in alliance"" are replaced
by ""any foreign State""."
IPC,127,Receiving property taken by war or depredation mentioned in sections 125 and 126,BNS,155,Receiving property taken by war or depredation mentioned in sections 153 and 154,direct,155: No change.
IPC,128,Public servant voluntarily allowing prisoner of state or war to escape,BNS,156,Public servant voluntarily allowing prisoner of State or war to escape,direct,156: No change.
IPC,129,Public servant negligently suffering such prisoner to escape,BNS,157,Public servant negligently suffering such prisoner to escape,direct,157: No change.
IPC,130,"Aiding escape of, rescuing or harbouring such prisoner",BNS,158,"Aiding escape of, rescuing or harbouring such prisoner",direct,158: No change.
IPC,131,"Abetting mutiny, or attempting to seduce a soldier, sailor or airman from his duty",BNS,159,"Abetting mutiny, or attempting to seduce a soldier, sailor or airman from his duty",direct,159: No change.
IPC,132,"Abetment of mutiny, if mutiny is committed in consequence thereof",BNS,160,"Abetment of mutiny, if mutiny is committed in consequence thereof",direct,"160: Upper limit of imprisonment is increased from
three years to ten years."
IPC,133,"Abetment of assault by soldier, sailor or airman on his superior officer, when in execution of his office",BNS,161,"Abetment of assault by soldier, sailor or airman on his superior officer, when in execution of his office",direct,161: No change.
IPC,134,"Abetment of such assault, if the assault committed",BNS,162,"Abetment of such assault, if assault committed",direct,162: No change.
IPC,135,"Abetment of desertion of soldier, sailor or airman",BNS,163,"Abetment of desertion of soldier, sailor or airman",direct,163: No change.
IPC,136,Harbouring deserter,BNS,164,Harbouring deserter,direct,"164: Word ""wife"" is replaced by ""spouse"" in the
exception of this section thereby made gender
nuetral."
IPC,137,Deserter concealed on board merchant vessel through negligence of master,BNS,165,Deserter concealed on board merchant vessel through negligence of master,direct,"165: Upper limit of fine is increased from five
hundred to three thousand rupees."
IPC,138,"Abetment of act of insubordination by soldier, sailor or airman",BNS,166,"Abetment of act of insubordination by soldier, sailor or airman",direct,"166: Upper limit of imprisonment is increased from
six months to two years."
IPC,139,Persons subject to certain Acts,BNS,167,Persons subject to certain Acts,direct,167: No change.
IPC,140,"Wearing garb or carrying token used by soldier, sailor or airman",BNS,168,"Wearing garb or carrying token used by soldier, sailor or airman",direct,"168: ""Military"" is replaced by ""Army."" The upper
limit of the fine has been increased from five
h undred to two thousand rupees."
IPC,171A,"Candidate , Electoral right defined",BNS,169,"Candidate, electoral right defined",direct,169: No change.
IPC,171B,Bribery,BNS,170,Bribery,direct,170: No change.
IPC,171C,Undue influence at elections,BNS,171,Undue influence at elections,direct,171: No change.
IPC,171D,Personation at elections,BNS,172,Personation at elections,direct,172: No change.
IPC,171E,Punishment for bribery,BNS,173,Punishment for bribery,direct,173: No change.
IPC,171F,Punishment for undue influence or personation at an election,BNS,174,Punishment for undue influence or personation at an election,direct,174: No change.
IPC,171G,False statement in connection with an election,BNS,175,False statement in connection with an election,direct,175: No change.
IPC,171H,Illegal payments in connection with an election,BNS,176,Illegal payments in connection with an election,direct,"176: Upper limit of fine is increased from five
hundred to ten thousand rupees."
IPC,171,Wearing garb or carrying token used by public servant with fraudulent intent,BNS,177,Failure to keep election accounts,split,"177: Upper limit of fine is increased from five
hundred to five thousand rupees."
IPC,230,"""Coin"" defined",BNS,178,"Counterfeiting coin, Government stamps, currency-notes or bank-notes",merged,"178: Nine sections of IPC have been covered in
this single section of BNS. Thus, in a single
stroke, the number of sections and offences
has been reduced by eight. Illustrations given
u /s 230 IPC are excluded."
IPC,246,Fraudulently or dishonestly diminishing weight or altering composition of coin,BNS,178,"Counterfeiting coin, Government stamps, currency-notes or bank-notes",merged,"178: Nine sections of IPC have been covered in
this single section of BNS. Thus, in a single
stroke, the number of sections and offences
has been reduced by eight. Illustrations given
u /s 230 IPC are excluded."
IPC,255,Counterfeiting Government stamp,BNS,178,"Counterfeiting coin, Government stamps, currency-notes or bank-notes",merged,"178: Nine sections of IPC have been covered in
this single section of BNS. Thus, in a single
stroke, the number of sections and offences
has been reduced by eight. Illustrations given
u /s 230 IPC are excluded."
IPC,489A,Counterfeiting currency-notes or bank-notes,BNS,178,"Counterfeiting coin, Government stamps, currency-notes or bank-notes",merged,"178: Nine sections of IPC have been covered in
this single section of BNS. Thus, in a single
stroke, the number of sections and offences
has been reduced by eight. Illustrations given
u /s 230 IPC are excluded."
IPC,237,Import or export of counterfeit coin,BNS,179,"Using as genuine, forged or counterfeit coin, Government stamp, currency-notes or bank-notes",merged,"179: Eleven sections of IPC have been covered in
this single section of BNS. Thus, in a single
stroke, the number of section and offences has
b een reduced by ten."
IPC,250,Delivery of coin possessed with knowledge that it is altered,BNS,179,"Using as genuine, forged or counterfeit coin, Government stamp, currency-notes or bank-notes",merged,"179: Eleven sections of IPC have been covered in
this single section of BNS. Thus, in a single
stroke, the number of section and offences has
b een reduced by ten."
IPC,251,"Delivery of Indian coin, possessed with knowledge that it is altered",BNS,179,"Using as genuine, forged or counterfeit coin, Government stamp, currency-notes or bank-notes",merged,"179: Eleven sections of IPC have been covered in
this single section of BNS. Thus, in a single
stroke, the number of section and offences has
b een reduced by ten."
IPC,254,"Delivery of coin as genuine which, when first possessed, the deliverer did not know to be altered",BNS,179,"Using as genuine, forged or counterfeit coin, Government stamp, currency-notes or bank-notes",merged,"179: Eleven sections of IPC have been covered in
this single section of BNS. Thus, in a single
stroke, the number of section and offences has
b een reduced by ten."
IPC,258,Sale of counterfeit Government stamp,BNS,179,"Using as genuine, forged or counterfeit coin, Government stamp, currency-notes or bank-notes",merged,"179: Eleven sections of IPC have been covered in
this single section of BNS. Thus, in a single
stroke, the number of section and offences has
b een reduced by ten."
IPC,260,Using as genuine a Government stamp known to be counterfeit,BNS,179,"Using as genuine, forged or counterfeit coin, Government stamp, currency-notes or bank-notes",merged,"179: Eleven sections of IPC have been covered in
this single section of BNS. Thus, in a single
stroke, the number of section and offences has
b een reduced by ten."
IPC,489B,"Using as genuine, forged or counterfeit currency-notes or bank-notes",BNS,179,"Using as genuine, forged or counterfeit coin, Government stamp, currency-notes or bank-notes",merged,"179: Eleven sections of IPC have been covered in
this single section of BNS. Thus, in a single
stroke, the number of section and offences has
b een reduced by ten."
IPC,242,Possession of counterfeit coin by person who knew it to be counterfeit when he became possessed thereof,BNS,180,"Possession of forged or counterfeit coin, Government stamp, currency-notes or bank-notes",merged,"180: Six sections of IPC have been covered in this
single section of BNS. Thus, in a single
stroke, the number of sections and offences
has been reduced by five. and 'not constitute
a n offence' is added."
IPC,243,Possession of Indian coin by person who knew it to be counterfeit when he became possessed thereof,BNS,180,"Possession of forged or counterfeit coin, Government stamp, currency-notes or bank-notes",merged,"180: Six sections of IPC have been covered in this
single section of BNS. Thus, in a single
stroke, the number of sections and offences
has been reduced by five. and 'not constitute
a n offence' is added."
IPC,252,Possession of coin by person who knew it to be altered when he became possessed thereof,BNS,180,"Possession of forged or counterfeit coin, Government stamp, currency-notes or bank-notes",merged,"180: Six sections of IPC have been covered in this
single section of BNS. Thus, in a single
stroke, the number of sections and offences
has been reduced by five. and 'not constitute
a n offence' is added."
IPC,253,Possession of Indian coin by person who knew it to be altered when he became possessed thereof,BNS,180,"Possession of forged or counterfeit coin, Government stamp, currency-notes or bank-notes",merged,"180: Six sections of IPC have been covered in this
single section of BNS. Thus, in a single
stroke, the number of sections and offences
has been reduced by five. and 'not constitute
a n offence' is added."
IPC,259,Having possession of counterfeit Government stamp,BNS,180,"Possession of forged or counterfeit coin, Government stamp, currency-notes or bank-notes",merged,"180: Six sections of IPC have been covered in this
single section of BNS. Thus, in a single
stroke, the number of sections and offences
has been reduced by five. and 'not constitute
a n offence' is added."
IPC,489C,Possession of forged or counterfeit currency-notes or bank-notes,BNS,180,"Possession of forged or counterfeit coin, Government stamp, currency-notes or bank-notes",merged,"180: Six sections of IPC have been covered in this
single section of BNS. Thus, in a single
stroke, the number of sections and offences
has been reduced by five. and 'not constitute
a n offence' is added."
IPC,233,Making or selling instrument for counterfeiting coin,BNS,181,"Making or possessing instruments or materials for forging or counterfeiting coin, Government stamp, currency-notes or bank-notes",merged,"181: Six sections of IPC have been covered in this
single section of BNS. Thus, in a single
stroke, the number of sections and offences
has been reduced by five, and 'any coin, stamp
issued by Government for the purpose of
r evenue' is added."
IPC,234,Making or selling instrument for counterfeiting Indian coin,BNS,181,"Making or possessing instruments or materials for forging or counterfeiting coin, Government stamp, currency-notes or bank-notes",merged,"181: Six sections of IPC have been covered in this
single section of BNS. Thus, in a single
stroke, the number of sections and offences
has been reduced by five, and 'any coin, stamp
issued by Government for the purpose of
r evenue' is added."
IPC,235,Possession of instrument or material for the purpose of using the same for counterfeiting coin,BNS,181,"Making or possessing instruments or materials for forging or counterfeiting coin, Government stamp, currency-notes or bank-notes",merged,"181: Six sections of IPC have been covered in this
single section of BNS. Thus, in a single
stroke, the number of sections and offences
has been reduced by five, and 'any coin, stamp
issued by Government for the purpose of
r evenue' is added."
IPC,256,Having possession of instrument or material for counterfeiting Government stamp,BNS,181,"Making or possessing instruments or materials for forging or counterfeiting coin, Government stamp, currency-notes or bank-notes",merged,"181: Six sections of IPC have been covered in this
single section of BNS. Thus, in a single
stroke, the number of sections and offences
has been reduced by five, and 'any coin, stamp
issued by Government for the purpose of
r evenue' is added."
IPC,257,Making or selling instrument for counterfeiting Government stamp,BNS,181,"Making or possessing instruments or materials for forging or counterfeiting coin, Government stamp, currency-notes or bank-notes",merged,"181: Six sections of IPC have been covered in this
single section of BNS. Thus, in a single
stroke, the number of sections and offences
has been reduced by five, and 'any coin, stamp
issued by Government for the purpose of
r evenue' is added."
IPC,489D,Making or possessing instruments or materials for forging or counterfeiting currency notes or bank-notes,BNS,181,"Making or possessing instruments or materials for forging or counterfeiting coin, Government stamp, currency-notes or bank-notes",merged,"181: Six sections of IPC have been covered in this
single section of BNS. Thus, in a single
stroke, the number of sections and offences
has been reduced by five, and 'any coin, stamp
issued by Government for the purpose of
r evenue' is added."
IPC,489E,Making or using documents resembling currency-notes or bank-notes,BNS,182,Making or using documents resembling currency-notes or bank-notes,direct,"182: Upper limit of fine is increased from one
hundred to three hundred rupees and two
hundred to six hundred rupees."
IPC,261,"Effacing writing from substance bearing Government stamp, or removing from document a stamp used for it, with intent to cause loss to Government",BNS,183,"Effacing writing from substance bearing Government stamp, or removing from document a stamp used for it, with intent to cause loss to Government",direct,183: No change.
IPC,262,Using Government stamp known to have been before used,BNS,184,Using Government stamp known to have been before used,direct,184: No change.
IPC,263,Erasure of mark denoting that stamp has been used,BNS,185,Erasure of mark denoting that stamp has been used,direct,185: No change.
IPC,263A,Prohibition of fictitious stamps,BNS,186,of,direct,"186: Words ""'and also in any part of Her Majesty's
dominions"" are excluded."
IPC,244,Person employed in mint causing coin to be of different weight or composition from that fixed by law,BNS,187,Person employed in mint causing coin to be of different weight or composition from that fixed by law,direct,187: No change.
IPC,245,Unlawfully taking coining instrument from mint,BNS,188,Unlawfully taking coining instrument from mint,direct,188: No change.
IPC,141,Unlawful assembly,BNS,189,Unlawful assembly,merged,"189 (1): First, second, third, fourth, fifth, have been
replaced by (a),(b),( c), (d) and( e). 189 (2): Section is included as a sub-section in BNS
sans heading. No other Changes. 189 (3): Ditto. 189 (4): Ditto. 189 (5): Ditto. 189 (6): Ditto. 189 (7): Ditto. 189 (8)/
(9): IPC Section 158 both paragraphs, are
reproduced in two different sub-sections (8)
and (9) of 189 BNS sans heading."
IPC,142,Being member of unlawful assembly,BNS,189,Unlawful assembly,merged,"189 (1): First, second, third, fourth, fifth, have been
replaced by (a),(b),( c), (d) and( e). 189 (2): Section is included as a sub-section in BNS
sans heading. No other Changes. 189 (3): Ditto. 189 (4): Ditto. 189 (5): Ditto. 189 (6): Ditto. 189 (7): Ditto. 189 (8)/
(9): IPC Section 158 both paragraphs, are
reproduced in two different sub-sections (8)
and (9) of 189 BNS sans heading."
IPC,144,Joining unlawful assembly armed with deadly weapon,BNS,189,Unlawful assembly,merged,"189 (1): First, second, third, fourth, fifth, have been
replaced by (a),(b),( c), (d) and( e). 189 (2): Section is included as a sub-section in BNS
sans heading. No other Changes. 189 (3): Ditto. 189 (4): Ditto. 189 (5): Ditto. 189 (6): Ditto. 189 (7): Ditto. 189 (8)/
(9): IPC Section 158 both paragraphs, are
reproduced in two different sub-sections (8)
and (9) of 189 BNS sans heading."
IPC,145,"Joining or continuing in unlawful assembly, knowing it has been commanded to disperse",BNS,189,Unlawful assembly,merged,"189 (1): First, second, third, fourth, fifth, have been
replaced by (a),(b),( c), (d) and( e). 189 (2): Section is included as a sub-section in BNS
sans heading. No other Changes. 189 (3): Ditto. 189 (4): Ditto. 189 (5): Ditto. 189 (6): Ditto. 189 (7): Ditto. 189 (8)/
(9): IPC Section 158 both paragraphs, are
reproduced in two different sub-sections (8)
and (9) of 189 BNS sans heading."
IPC,150,"Hiring, or conniving at hiring, of persons to join unlawful assembly",BNS,189,Unlawful assembly,merged,"189 (1): First, second, third, fourth, fifth, have been
replaced by (a),(b),( c), (d) and( e). 189 (2): Section is included as a sub-section in BNS
sans heading. No other Changes. 189 (3): Ditto. 189 (4): Ditto. 189 (5): Ditto. 189 (6): Ditto. 189 (7): Ditto. 189 (8)/
(9): IPC Section 158 both paragraphs, are
reproduced in two different sub-sections (8)
and (9) of 189 BNS sans heading."
IPC,151,Knowingly joining or continuing in assembly of five or more persons after it has been commanded to disperse,BNS,189,Unlawful assembly,merged,"189 (1): First, second, third, fourth, fifth, have been
replaced by (a),(b),( c), (d) and( e). 189 (2): Section is included as a sub-section in BNS
sans heading. No other Changes. 189 (3): Ditto. 189 (4): Ditto. 189 (5): Ditto. 189 (6): Ditto. 189 (7): Ditto. 189 (8)/
(9): IPC Section 158 both paragraphs, are
reproduced in two different sub-sections (8)
and (9) of 189 BNS sans heading."
IPC,157,Harbouring persons hired for an unlawful assembly,BNS,189,Unlawful assembly,merged,"189 (1): First, second, third, fourth, fifth, have been
replaced by (a),(b),( c), (d) and( e). 189 (2): Section is included as a sub-section in BNS
sans heading. No other Changes. 189 (3): Ditto. 189 (4): Ditto. 189 (5): Ditto. 189 (6): Ditto. 189 (7): Ditto. 189 (8)/
(9): IPC Section 158 both paragraphs, are
reproduced in two different sub-sections (8)
and (9) of 189 BNS sans heading."
IPC,158,Being hired to take part in an unlawful assembly or riot,BNS,189,Unlawful assembly,merged,"189 (1): First, second, third, fourth, fifth, have been
replaced by (a),(b),( c), (d) and( e). 189 (2): Section is included as a sub-section in BNS
sans heading. No other Changes. 189 (3): Ditto. 189 (4): Ditto. 189 (5): Ditto. 189 (6): Ditto. 189 (7): Ditto. 189 (8)/
(9): IPC Section 158 both paragraphs, are
reproduced in two different sub-sections (8)
and (9) of 189 BNS sans heading."
IPC,149,Every member of unlawful assembly guilty of offence committed in prosecution of common object,BNS,190,Every member of unlawful assembly guilty of offence committed in prosecution of common object,direct,190: No change.
IPC,146,Rioting,BNS,191,Rioting,merged,"191 (1): This IPC section defines the offence which is
included in BNS as a sub-section. 191 (2): IPC section is included as a sub-section in
BNS, sans heading. 191 (3): IPC section is included as a sub-section in
BNS, sans heading. Upper limit of
imprisonment is increased from three years to
five years."
IPC,147,Punishment for rioting,BNS,191,Rioting,merged,"191 (1): This IPC section defines the offence which is
included in BNS as a sub-section. 191 (2): IPC section is included as a sub-section in
BNS, sans heading. 191 (3): IPC section is included as a sub-section in
BNS, sans heading. Upper limit of
imprisonment is increased from three years to
five years."
IPC,148,"Rioting, armed with deadly weapon",BNS,191,Rioting,merged,"191 (1): This IPC section defines the offence which is
included in BNS as a sub-section. 191 (2): IPC section is included as a sub-section in
BNS, sans heading. 191 (3): IPC section is included as a sub-section in
BNS, sans heading. Upper limit of
imprisonment is increased from three years to
five years."
IPC,153,Want only giving provocation with intent to cause riot – if rioting be committed: if not committed,BNS,192,Wantonly giving provocation with intent to cause riot-if rioting be committed; if not committed,direct,192: No change.
IPC,154,Owner or occupier of land on which an unlawful assembly is held,BNS,193,"Liability of owner, occupier, etc., of land on which an unlawful assembly or riot takes place",merged,"193 (1): Section is included as a sub-section in BNS.
Words ""Liability of"" and ""or riot"" are added
in the heading. 193 (2): Section is included as a sub-section in BNS
sans heading. 193 (3): Ditto."
IPC,155,Liability of person for whose benefit riot is committed,BNS,193,"Liability of owner, occupier, etc., of land on which an unlawful assembly or riot takes place",merged,"193 (1): Section is included as a sub-section in BNS.
Words ""Liability of"" and ""or riot"" are added
in the heading. 193 (2): Section is included as a sub-section in BNS
sans heading. 193 (3): Ditto."
IPC,156,Liability of agent of owner or occupier for whose benefit riot is committed,BNS,193,"Liability of owner, occupier, etc., of land on which an unlawful assembly or riot takes place",merged,"193 (1): Section is included as a sub-section in BNS.
Words ""Liability of"" and ""or riot"" are added
in the heading. 193 (2): Section is included as a sub-section in BNS
sans heading. 193 (3): Ditto."
IPC,159,Affray,BNS,194,Affray,merged,"194 (1): IPC section is included as a subsection in
BNS. 194 (2): Section is included as a sub-section in BNS
sans heading. Upper limit of fine is increased
from one hundred to one thousand rupees."
IPC,160,Punishment for committing affray,BNS,194,Affray,merged,"194 (1): IPC section is included as a subsection in
BNS. 194 (2): Section is included as a sub-section in BNS
sans heading. Upper limit of fine is increased
from one hundred to one thousand rupees."
IPC,152,"Assaulting or obstructing public servant when suppressing riot, etc",BNS,195,"Assaulting or obstructing public servant when suppressing riot, etc",direct,"195 (1): The Section 152 in the IPC regarding
'assaulting or obstructing public servants when
suppressing riots, etc.' has been divided into
two parts and included in Section 195 of the
new law (BNS): one for the offence of
assaulted in the section of public servants and
the other for threatening to assault or attempt
to obstruct, having different punishments and
fines. The minimum threshold for a fine is
twenty-five thousand rupees, and 'or uses
criminal force on any public servant' is added. 195 (2): In cases where the offender threatens to
assault or attempts to obstruct a public servant
or threatens or attempts to use criminal force
on a public servant in the described situations,
the punishment includes imprisonment of a
term that may extend to one year. A fine may
also be imposed under this sub-section. This is
a rare case of a reduction in punishment."
IPC,153A,"Promoting enmity between different groups on ground of religion, race, place of birth, residence, language, etc., and doing acts prejudicial to maintenance of harmony",BNS,196,"Promoting enmity between different groups on grounds of religion, race, place of birth, residence, language, etc., and doing acts prejudicial to maintenance of harmony",direct,"196: The word ""or through electronic
communication"" is added as one of the modes
o f spreading disharmony, etc."
IPC,153B,"Imputations, assertions prejudicial to national integration",BNS,197,"Imputations, assertions prejudicial to national integration",direct,"197: Words ""or through electronic
communication"" as the mode of spreading
specified activities are added. 197 (1)d: New Clause 197(1)(d) ""makes or publishes
false or misleading information, jeopardising
the sovereignty, unity and integrity or security
of India""."
IPC,166,"Public servant disobeying law, with intent to cause injury to any person",BNS,198,"Public servant disobeying law, with intent to cause injury to any person",direct,198: No change.
IPC,166A,Public Servant disobeying direction under Law1,BNS,199,Public servant disobeying direction under law,direct,199: No change.
IPC,166B,Punishment for non treatment of victim1,BNS,200,Punishment for non- treatment of victim,direct,200: No change.
IPC,167,Public servant framing an incorrect document with intent to cause injury,BNS,201,Public servant framing an incorrect document with intent to cause injury,direct,201: No change.
IPC,168,Public servant unlawfully engaging in trade,BNS,202,Public servant unlawfully engaging in trade,direct,"202: New punishment of ""community service"" is
added."
IPC,169,Public servant unlawfully buying or bidding for property,BNS,203,Public servant unlawfully buying or bidding for property,direct,203: No change.
IPC,170,Personating a public servant,BNS,204,Personating a public servant,direct,"204: Mandatory minimum imprisonment is
introduced as six months and upper limit is
increased from two years to three years."
IPC,171,Wearing garb or carrying token used by public servant with fraudulent intent,BNS,205,Wearing garb or carrying token used by public servant with fraudulent intent,split,"205: Upper limit of fine is increased from rupees
two hundred to five thousand."
IPC,172,Absconding to avoid service of summons or other proceeding,BNS,206,Absconding to avoid service of summons or other proceeding,direct,"206: The upper limit of the fine is increased from
five hundred to five thousand rupees and one"
IPC,173,"Preventing service of summons or other proceeding, or preventing publication thereof",BNS,207,"Preventing service of summons or other proceeding, or preventing publication thereof",direct,207: Ditto.
IPC,174,Non-attendance in obedience to an order from public servant,BNS,208,Non- attendance in obedience to an order from public servant,direct,208: Ditto.
IPC,174A,Non-appearance in response to a proclamation under section 82 of Act 2 of 1974,BNS,209,"Non- appearance in response to a proclamation under section 84 of Bharatiya Nagarik Suraksha Sanhita, 2023",direct,"209: New punishment of ""as with community
service"" is added in regard to proclamation
under section 84(1)BNSS [82(1) CrPC]."
IPC,175,Omission to produce document to public servant by person legally bound to produce it,BNS,210,Omission to produce document or electronic record to public servant by person legally bound to produce it,direct,"210: The upper limit of the fine has been increased
from five hundred to five thousand rupees and
from one thousand to ten thousand rupees. ""or
if"" is replaced by ""where""
'Court of Justice' is replaced by 'Court'."
IPC,176,Omission to give notice or information to public servant by person legally bound to give it,BNS,211,Omission to give notice or information to public servant by person legally bound to give it,direct,"211: Upper limit of fine are increased from five
hundred to five thousand rupees and one
thousand to ten thousand rupees."
IPC,177,Furnishing false information,BNS,212,Furnishing false information,direct,"212: The upper limit of the fine has been increased
from one thousand to five thousand rupees.
""Bound under clause 5, section VII,
Regulation III, 1821,of the Bengal Code"" is
replaced by ""legally bound"" in the illustration
(b)."
IPC,178,Refusing oath or affirmation when duly required by public servant to make it,BNS,213,Refusing oath or affirmation when duly required by public servant to make it,direct,"213: Upper limit of fine is increased from one
thousand to five thousand rupees."
IPC,179,Refusing to answer public servant authorized to question,BNS,214,Refusing to answer public servant authorised to question,direct,214: Ditto.
IPC,180,Refusing to sign statement,BNS,215,Refusing to sign statement,direct,"215: Upper limit of fine is increased from five
hundred to three thousand rupees."
IPC,181,False statement on oath or affirmation to public servant or person authorized to administer an oath or affirmation,BNS,216,False statement on oath or affirmation to public servant or person authorised to administer an oath or affirmation,direct,216: No change.
IPC,182,"False information, with intent to cause public servant to use his lawful power to the injury of another person",BNS,217,"False information, with intent to cause public servant to use his lawful power to injury of another person",direct,"217: The upper limit of imprisonment increased
from six months to one year, and the fine
increased from one thousand to ten thousand
r upees."
IPC,183,Resistance to the taking of property by the lawful authority of a public servant,BNS,218,Resistance to taking of property by lawful authority of a public servant,direct,"218: Upper limit of fine has been increased from
one thousand to ten thousand rupees."
IPC,184,Obstructing sale of property offered for sale by authority of public servant,BNS,219,Obstructing sale of property offered for sale by authority of public servant,direct,"219: Upper limit of fine has been increased from
five hundred to five thousand rupees."
IPC,185,Illegal purchase or bid for property offered for sale by authority of public servant,BNS,220,Illegal purchase or bid for property offered for sale by authority of public servant,direct,220: No change.
IPC,186,Obstructing public servant in discharge of public functions,BNS,221,Obstructing public servant in discharge of public functions,direct,"221: Upper limit of fine is increased from five
hundred to two thousand and five hundred
rupees."
IPC,187,Omission to assist public servant when bound by law to give assistance,BNS,222,Omission to assist public servant when bound by law to give assistance,direct,"222: Section is reorganised in the form of clauses
(a) and (b) without changing the essence, and
the upper limit of the fine is increased from
two hundred to two thousand and five hundred
rupees and five hundred to five thousand
rupees."
IPC,188,Disobedience to order duly promulgated by public servant,BNS,223,Disobedience to order duly promulgated by public servant,direct,"223: The section is reorganised in the form of
clauses (a) and (b). In clause (a), the upper
limit of imprisonment is increased from one
month to six months, and the fine is increased
from two hundred to two thousand and five
hundred rupees. In clause (b), the limit of
imprisonment is increased from six months to
one year, and the fine from one thousand
r upees to five thousand rupees."
IPC,189,Threat of injury to public servant,BNS,224,Threat of injury to public servant,direct,224: No change.
IPC,190,Threat of injury to induce person to refrain from applying for protection to public servant,BNS,225,Threat of injury to induce person to refrain from applying for protection to public servant,direct,225: No change.
IPC,191,Giving false evidence,BNS,227,Giving false evidence,direct,227: No change.
IPC,192,Fabricating false evidence,BNS,228,Fabricating false evidence,direct,228: No change.
IPC,193,Punishment for false evidence,BNS,229,Punishment for false evidence,direct,"229: Fine is defined in sub-section (1) as up to ten
thousand rupees and in sub-section (2) as up
to five thousand rupees."
IPC,194,Giving or fabricating false evidence with intent to procure conviction of capital offence,BNS,230,Giving or fabricating false evidence with intent to procure conviction of capital offence,direct,"230: Fine defined in this section as up to fifty
thousand rupees."
IPC,195,Giving or fabricating false evidence with intent to procure conviction of offence punishable with imprisonment for life or imprisonment,BNS,231,Giving or fabricating false evidence with intent to procure conviction of offence punishable with imprisonment for life or imprisonment,direct,231: No change.
IPC,195A,Threatening any person to give false evidence,BNS,232,Threatening any person to give false evidence,direct,"232: Reorganized in form of sub-section (1) and (2)
without changing a word."
IPC,196,Using evidence known to be false,BNS,233,Using evidence known to be false,direct,233: No change.
IPC,197,Issuing or signing false certificate,BNS,234,Issuing or signing false certificate,direct,234: No change.
IPC,198,Using as true a certificate known to be false,BNS,235,Using as true a certificate known to be false,direct,235: No change.
IPC,199,False statement made in declaration which is by law receivable as evidence,BNS,236,False statement made in declaration which is by law receivable as evidence,direct,"236: Words ""Court of Justice"" is replaced by
""Court""."
IPC,200,Using as true such declaration knowing it to be false,BNS,237,Using as true such declaration knowing it to be false,direct,"237: ""this section"" is used instead of ""200""
(section) in the explanation of IPC u/s 200
IPC."
IPC,201,"Causing disappearance of evidence of offence, or giving false information to screen offender",BNS,238,"Causing disappearance of evidence of offence, or giving false information to screen offender",direct,"238: Clauses named as (a), (b), (c) sans heading."
IPC,202,Intentional omission to give information of offence by person bound to inform,BNS,239,Intentional omission to give information of offence by person bound to inform,direct,"239: Fine defined in this section is five thousand
r upees, whereas in IPC fine is not defined."
IPC,203,Giving false information respecting an offence committed,BNS,240,Giving false information respecting an offence committed,direct,240: No change.
IPC,204,Destruction of document to prevent its production as evidence,BNS,241,Destruction of document or electronic record to prevent its production as evidence,direct,"241: The upper limit is imprisonment from two
years to three years, and the fine is defined as
u p to five thousand rupees."
IPC,205,False personation for purpose of act or proceeding in suit or prosecution,BNS,242,False personation for purpose of act or proceeding in suit or prosecution,direct,242: No change.
IPC,206,Fraudulent removal or concealment of property to prevent its seizure as forfeited or in execution,BNS,243,Fraudulent removal or concealment of property to prevent its seizure as forfeited or in execution,direct,"243: The upper limit of imprisonment increased
from two years to three years, and the fine is
defined as up to five thousand rupees. ""Court
o f Justice"" is replaced by ""Court""."
IPC,207,Fraudulent claim to property to prevent its seizure as forfeited or in execution,BNS,244,Fraudulent claim to property to prevent its seizure as forfeited or in execution,direct,"244: ""Court of Justice"" is replaced by ""Court""."
IPC,208,Fraudulently suffering decree for sum not due,BNS,245,Fraudulently suffering decree for sum not due,direct,245: No change.
IPC,209,Dishonesty making false claim in Court,BNS,246,Dishonestly making false claim in Court,direct,"246: ""'Court of Justice"" is replaced by 'Court'."
IPC,210,Fraudulently obtaining decree for sum not due,BNS,247,Fraudulently obtaining decree for sum not due,direct,"247: IPC section is reorganized in form of clauses
(a), (b) in BNS."
IPC,211,False charge of offence made with intent to injure,BNS,248,False charge of offence made with intent to injure,direct,"248: The upper limit of imprisonment is increased
from two years to five years and from seven
years to ten years, and the fine is defined as up
to two lakh rupees."
IPC,212,Harbouring offender,BNS,249,Harbouring offender,direct,"249: Section is reorganized in form of clauses (a),
(b) and (c) and sub-headings are dropped.
'husband or wife' is replaced by 'spouse'."
IPC,213,"Taking gift, etc., to screen an offender from punishment",BNS,250,"Taking gift, etc., to screen an offender from punishment",direct,"250: Formal change but essence is same. Section is
reorganized in form of clauses (a), (b) and (c)
and sub-headings are dropped."
IPC,214,Offering gift or restoration of property in consideration of screening offender,BNS,251,Offering gift or restoration of property in consideration of screening offender,direct,251: Ditto.
IPC,215,"Taking gift to help to recover stolen property, etc",BNS,252,"Taking gift to help to recover stolen property, etc",direct,252: No change.
IPC,216,Harbouring offender who has escaped from custody or whose apprehension has been ordered,BNS,253,Harbouring offender who has escaped from custody or whose apprehension has been ordered,direct,"253: Section is reorganized in form of clauses (a),
(b) and (c) and sub-headings are dropped.
""husband or wife"" is replaced by ""spouse""."
IPC,216A,Penalty for harbouring robbers or dacoits,BNS,254,Penalty for harbouring robbers or dacoits,direct,"254: Formal changes but essence is same-
""husband or wife"" is replaced by ""spouse""."
IPC,217,Public servant disobeying direction of law with intent to save person from punishment or property from forfeiture,BNS,255,Public servant disobeying direction of law with intent to save person from punishment or property from forfeiture,direct,255: No change.
IPC,218,Public servant framing incorrect record or writing with intent to save person from punishment or property from forfeiture,BNS,256,Public servant framing incorrect record or writing with intent to save person from punishment or property from forfeiture,direct,256: No change.
IPC,219,"Public servant in judicial proceeding corruptly making report, etc., contrary to law",BNS,257,"Public servant in judicial proceeding corruptly making report, etc., contrary to law",direct,257: No change.
IPC,220,Commitment for trial or confinement by person having authority who knows that he is acting contrary to law,BNS,258,Commitment for trial or confinement by person having authority who knows that he is acting contrary to law,direct,258: No change.
IPC,221,Intentional omission to apprehend on the part of public servant bound to apprehend,BNS,259,Intentional omission to apprehend on part of public servant bound to apprehend,direct,"259: Section is reorganized in form of clauses (a),
( b) and (c)."
IPC,222,Intentional omission to apprehend on the part of public servant bound to apprehend person under sentence or lawfully committed,BNS,260,Intentional omission to apprehend on part of public servant bound to apprehend person under sentence or lawfully committed,direct,260: Ditto.
IPC,223,Escape from confinement or custody negligently suffered by public servant,BNS,261,Escape from confinement or custody negligently suffered by public servant,direct,261: No change.
IPC,224,Resistance or obstruction by a person to his lawful apprehension,BNS,262,Resistance or obstruction by a person to his lawful apprehension,direct,262: No change.
IPC,225,Resistance or obstruction to lawful apprehension of another person,BNS,263,Resistance or obstruction to lawful apprehension of another person,direct,"263: Section is reorganized in form of clauses (a),
( b) and (c)."
IPC,225A,"Omission to apprehend, or sufferance of escape, on part of public servant, in cases not otherwise, provided for",BNS,264,"Omission to apprehend, or sufferance of escape, on part of public servant, in cases not otherwise provided for ",direct,264: No change.
IPC,225B,"Resistance or obstruction to lawful apprehension, or escape or rescue in cases not otherwise provided for",BNS,265,or to,direct,265: No change.
IPC,227,Violation of condition of remission of punishment,BNS,266,of of of,direct,266: No change.
IPC,228,Intentional insult or interruption to public servant sitting in judicial proceeding,BNS,267,Intentional insult or interruption to public servant sitting in judicial proceeding,direct,"267: Upper limit of fine is increased from one
thousand to five thousand rupees."
IPC,229,Personation of a juror or assessor,BNS,268,Personation of assessor,direct,"268: In heading ""Personation of assessor"" is used
in place of ""juror or assessor"" and word
""juryman"" is excluded."
IPC,229A,Failure by person released on bail or bond to appear in Court,BNS,269,by,direct,269: No change.
IPC,268,Public nuisance,BNS,270,Public nuisance,direct,"270: Two paragraphs were merged together with
the help of the coordinating conjunction ""but""."
IPC,269,Negligent act likely to spread infection of disease dangerous to life,BNS,271,Negligent act likely to spread infection of disease dangerous to life,direct,271: No change.
IPC,270,Malignant act likely to spread infection of disease dangerous to life,BNS,272,M alignant act likely to spread infection of diseasedangerous to life,direct,272: No change.
IPC,271,Disobedience to quarantine rule,BNS,273,Disobedience to quarantine rule,direct,"273: Word ""vessel"" is replaced by the phrase
""mode of transport etc."""
IPC,272,Adulteration of food or drink intended for sale,BNS,274,Adulteration of food or drink intended for sale,direct,"274: Upper limit of fine is increased from one
thousand to five thousand rupees."
IPC,273,Sale of noxious food or drink,BNS,275,Sale of noxious food or drink,direct,"275: Upper limit of fine is increased from one
thousand to five thousand rupees."
IPC,274,Adulteration of drugs,BNS,276,Adulteration of drugs,direct,"276: Upper limit of imprisonment is increased from
six months to one years and fine is increased
from one thousand to five thousand rupees."
IPC,275,Sale of adulterated drugs,BNS,277,Sale of adulterated drugs,direct,"277: Upper limit of fine is increased from one
thousand to five thousand rupees."
IPC,276,Sale of drug as a different drug or preparation,BNS,278,Sale of drug as a different drug or preparation,direct,"278: The upper limit of fine is increased from one
thousand to five thousand rupees."
IPC,277,Fouling water of public spring or reservoir,BNS,279,Fouling water of public spring or reservoir,direct,"279: The upper limit of the imprisonment is
increased from three months to six months
and fine is increased from five hundred to five
thousand rupees."
IPC,278,Making atmosphere noxious to health,BNS,280,Making atmosphere noxious to health,direct,"280: The upper limit of the fine is increased from
five hundred to one thousand rupees."
IPC,279,Rash driving or riding on a public way,BNS,281,Rash driving or riding on a public way,direct,281: No change.
IPC,280,Rash navigation of vessel,BNS,282,Rash navigation of vessel,direct,"282: The upper limit of the fine has been increased
from one thousand to ten thousand rupees.
."
IPC,281,"Exhibition of false light, mark or buoy",BNS,283,"Exhibition of false light, mark or buoy",direct,"283: Fine is added as punishment in addition to
imprisonment rupees ten thousand is fixed as
lower limit of fine. Word ""and"" has replaced
""or""."
IPC,282,Conveying person by water for hire in unsafe or overloaded vessel,BNS,284,Conveying person by water for hire in unsafe or overloaded vessel,direct,"284: The upper limit of the fine is increased from
one thousand to five thousand rupees."
IPC,283,Danger or obstruction in public way or line of navigation,BNS,285,Danger or obstruction in public way or line of navigation,direct,"285: The upper limit of the fine is increased from
two hundred to five thousand rupees."
IPC,284,Negligent conduct with respect to poisonous substance,BNS,286,Negligent conduct with respect to poisonous substance,direct,"286: The upper limit of the fine is increased from
one thousand to five thousand rupees."
IPC,285,Negligent conduct with respect to fire or combustible matter,BNS,287,Negligent conduct with respect to fire or combustible matter,direct,"287: The upper limit of the fine is increased from
one thousand to two thousand rupees."
IPC,286,Negligent conduct with respect to explosive substance,BNS,288,Negligent conduct with respect to explosive substance,direct,"288: The upper limit of the fine is increased from
one thousand to five thousand rupees."
IPC,287,Negligent conduct with respect to machinery,BNS,289,Negligent conduct with respect to machinery,direct,"289: Upper limit of the fine is increased from one
thousand to five thousand rupees."
IPC,288,Negligent conduct with respect to pulling down or repairing buildings,BNS,290,"Negligent conduct with respect to pulling down, repairing or constructing buildings, etc",direct,"290: BNS added ""or constructing"".
The upper limit of the fine is increased from
one thousand to five thousand rupees.
""measures"" replaces ""order""."
IPC,289,Negligent conduct with respect to animal,BNS,291,Negligent conduct with respect to animal,direct,"291: Word ""measure"" replaces ""order"" The upper
limit of the fine is increased from one
thousand to five thousand rupees."
IPC,290,Punishment for public nuisance in cases not otherwise provided for,BNS,292,Punishment for public nuisance in cases not otherwise provided for,direct,"292: The upper limit of the fine is increased from
two hundred to one thousand rupees."
IPC,291,Continuance of nuisance after injunction to discontinue,BNS,293,Continuance of nuisance after injunction to discontinue,direct,293: Fine is defined as up to five thousand rupees.
IPC,292,"Sale, etc., of obscene books, etc",BNS,294,"Sale, etc., of obscene books, etc",direct,"294: The fine is increased from two thousand to
five thousand rupees and from five thousand
to ten thousand rupees on subsequent
conviction.
""including display of any content in electronic
form'"" is added. ""in whatever manner"" is also
added."
IPC,293,"Sale, etc., of obscene objects to young person",BNS,295,"Sale, etc., of obscene objects to child",direct,"295: ""person under the age of twenty years"" is
replaced by ""child"", thereby curtailing the
scope of this provision."
IPC,294,Obscene acts and songs,BNS,296,Obscene acts and songs,direct,296: Fine is defined as up to one thousand rupees.
IPC,294A,Keeping lottery office,BNS,297,Keeping lottery office,direct,"297: The upper limit of the fine is increased from
one thousand to five thousand rupees."
IPC,295,"Injuring or defiling place of worship, with intent to insult the religion of any class",BNS,298,Injuring or defiling place of worship with intent to insult religion of any class,direct,298: No change.
IPC,295A,Deliberate and malicious acts intended to outrage religious feelings of any class by insulting its religion or religious beliefs,BNS,299,"Deliberate and malicious acts, intended to outrage religious feelings of any class by insulting its religion or religious beliefs",direct,"299: Words ""or through electronic means"" are
added."
IPC,296,Disturbing religious assembly,BNS,300,Disturbing religious assembly,direct,300: No change.
IPC,297,"Trespassing on burial places, etc",BNS,301,"Trespassing on burial places, etc",direct,301: No change.
IPC,298,"Uttering words, etc., with deliberate intent to wound religious feelings",BNS,302,"Uttering words, etc., with deliberate intent to wound religious feelings of any person",direct,302: No change.
IPC,378,Theft,BNS,303,Theft,merged,"303 (1): IPC section is included as sub section.
""Definition"" is replaced by ""Section"" in
explanation 5. 303 (2): Punishment for subsequent convictions is
added."
IPC,379,Punishment for theft,BNS,303,Theft,merged,"303 (1): IPC section is included as sub section.
""Definition"" is replaced by ""Section"" in
explanation 5. 303 (2): Punishment for subsequent convictions is
added."
IPC,380,"Theft in dwelling house, etc",BNS,305,"Theft in a dwelling house, or means of transportation or place of worship, etc",direct,"305: The definition enlarged ""means of
transportation or place of worship,' is added in
the heading is reframed containing various
sub-sections wherein sub-sections (b), (c), (d),
(e) are new additions."
IPC,381,Theft by clerk or servant of property in possession of master,BNS,306,Theft by clerk or servant of property in possession of master,direct,306: No change.
IPC,382,"Theft after preparation made for causing death, hurt or restraint in order to the committing of the theft",BNS,307,"Theft after preparation made for causing death, hurt or restraint in order to committing of theft",direct,307: No change.
IPC,383,Extortion,BNS,308,Extortion,merged,"308 (1): Clause (e) is newly added in the illustrations. 308 (2): IPC section is included as a sub-section in
BNS sans heading. The upper limit of the
imprisonment is increased from three years to
seven years. 308 (3): IPC section is included as a sub-section in
BNS sans heading. No other change. 308 (4): Ditto. 308 (5): Ditto. 308 (6): IPC section is included as a sub-section in
BNS sans heading. Words ""and, if the offence
by punishable under section 377 of this Code,
may be punished with imprisonment for life""
are removed as the section 377 IPC has been
excluded altogether. 308 (7): Ditto."
IPC,384,Punishment for extortion,BNS,308,Extortion,merged,"308 (1): Clause (e) is newly added in the illustrations. 308 (2): IPC section is included as a sub-section in
BNS sans heading. The upper limit of the
imprisonment is increased from three years to
seven years. 308 (3): IPC section is included as a sub-section in
BNS sans heading. No other change. 308 (4): Ditto. 308 (5): Ditto. 308 (6): IPC section is included as a sub-section in
BNS sans heading. Words ""and, if the offence
by punishable under section 377 of this Code,
may be punished with imprisonment for life""
are removed as the section 377 IPC has been
excluded altogether. 308 (7): Ditto."
IPC,385,Putting person in fear of injury in order to commit extortion,BNS,308,Extortion,merged,"308 (1): Clause (e) is newly added in the illustrations. 308 (2): IPC section is included as a sub-section in
BNS sans heading. The upper limit of the
imprisonment is increased from three years to
seven years. 308 (3): IPC section is included as a sub-section in
BNS sans heading. No other change. 308 (4): Ditto. 308 (5): Ditto. 308 (6): IPC section is included as a sub-section in
BNS sans heading. Words ""and, if the offence
by punishable under section 377 of this Code,
may be punished with imprisonment for life""
are removed as the section 377 IPC has been
excluded altogether. 308 (7): Ditto."
IPC,386,Extortion by putting a person in fear of death or grievous hurt,BNS,308,Extortion,merged,"308 (1): Clause (e) is newly added in the illustrations. 308 (2): IPC section is included as a sub-section in
BNS sans heading. The upper limit of the
imprisonment is increased from three years to
seven years. 308 (3): IPC section is included as a sub-section in
BNS sans heading. No other change. 308 (4): Ditto. 308 (5): Ditto. 308 (6): IPC section is included as a sub-section in
BNS sans heading. Words ""and, if the offence
by punishable under section 377 of this Code,
may be punished with imprisonment for life""
are removed as the section 377 IPC has been
excluded altogether. 308 (7): Ditto."
IPC,387,"Putting person in fear of death or of grievous hurt, in order to commit extortion",BNS,308,Extortion,merged,"308 (1): Clause (e) is newly added in the illustrations. 308 (2): IPC section is included as a sub-section in
BNS sans heading. The upper limit of the
imprisonment is increased from three years to
seven years. 308 (3): IPC section is included as a sub-section in
BNS sans heading. No other change. 308 (4): Ditto. 308 (5): Ditto. 308 (6): IPC section is included as a sub-section in
BNS sans heading. Words ""and, if the offence
by punishable under section 377 of this Code,
may be punished with imprisonment for life""
are removed as the section 377 IPC has been
excluded altogether. 308 (7): Ditto."
IPC,388,"Extortion by threat of accusation of an offence punishable with death or imprisonment for life, etc",BNS,308,Extortion,merged,"308 (1): Clause (e) is newly added in the illustrations. 308 (2): IPC section is included as a sub-section in
BNS sans heading. The upper limit of the
imprisonment is increased from three years to
seven years. 308 (3): IPC section is included as a sub-section in
BNS sans heading. No other change. 308 (4): Ditto. 308 (5): Ditto. 308 (6): IPC section is included as a sub-section in
BNS sans heading. Words ""and, if the offence
by punishable under section 377 of this Code,
may be punished with imprisonment for life""
are removed as the section 377 IPC has been
excluded altogether. 308 (7): Ditto."
IPC,389,"Putting person in fear or accusation of offence, in order to commit extortion",BNS,308,Extortion,merged,"308 (1): Clause (e) is newly added in the illustrations. 308 (2): IPC section is included as a sub-section in
BNS sans heading. The upper limit of the
imprisonment is increased from three years to
seven years. 308 (3): IPC section is included as a sub-section in
BNS sans heading. No other change. 308 (4): Ditto. 308 (5): Ditto. 308 (6): IPC section is included as a sub-section in
BNS sans heading. Words ""and, if the offence
by punishable under section 377 of this Code,
may be punished with imprisonment for life""
are removed as the section 377 IPC has been
excluded altogether. 308 (7): Ditto."
IPC,390,Robbery,BNS,309,Robbery,merged,"309 (1),
(2), (3): Formal changes reorganized in form of
clauses (1), (2), and (3) and sub-heading is
dropped. 309 (4): IPC Section is included as sub-section in BNS
sans heading. No other change. 309 (5): Ditto. 309 (6): Ditto."
IPC,392,Punishment for robbery,BNS,309,Robbery,merged,"309 (1),
(2), (3): Formal changes reorganized in form of
clauses (1), (2), and (3) and sub-heading is
dropped. 309 (4): IPC Section is included as sub-section in BNS
sans heading. No other change. 309 (5): Ditto. 309 (6): Ditto."
IPC,393,Attempt to commit robbery,BNS,309,Robbery,merged,"309 (1),
(2), (3): Formal changes reorganized in form of
clauses (1), (2), and (3) and sub-heading is
dropped. 309 (4): IPC Section is included as sub-section in BNS
sans heading. No other change. 309 (5): Ditto. 309 (6): Ditto."
IPC,394,Voluntarily causing hurt in committing robbery,BNS,309,Robbery,merged,"309 (1),
(2), (3): Formal changes reorganized in form of
clauses (1), (2), and (3) and sub-heading is
dropped. 309 (4): IPC Section is included as sub-section in BNS
sans heading. No other change. 309 (5): Ditto. 309 (6): Ditto."
IPC,391,Dacoity,BNS,310,Dacoity,merged,"310 (1): Ditto. 310 (2): Ditto. 310 (3): IPC section is included as sub-section in BNS
sans heading. Minimum mandatory
punishment of imprisonment is ""shall not be
less than ten years"". 310 (4): IPC section is included as sub-section in BNS
sans heading. No other change. 310 (5): The IPC section is included as sub-section in
BNS, sans heading. Words ""at any time after
the passing of this Act, shall"" is removed. 310 (6): D itto."
IPC,395,Punishment for dacoity,BNS,310,Dacoity,merged,"310 (1): Ditto. 310 (2): Ditto. 310 (3): IPC section is included as sub-section in BNS
sans heading. Minimum mandatory
punishment of imprisonment is ""shall not be
less than ten years"". 310 (4): IPC section is included as sub-section in BNS
sans heading. No other change. 310 (5): The IPC section is included as sub-section in
BNS, sans heading. Words ""at any time after
the passing of this Act, shall"" is removed. 310 (6): D itto."
IPC,396,Dacoity with murder,BNS,310,Dacoity,merged,"310 (1): Ditto. 310 (2): Ditto. 310 (3): IPC section is included as sub-section in BNS
sans heading. Minimum mandatory
punishment of imprisonment is ""shall not be
less than ten years"". 310 (4): IPC section is included as sub-section in BNS
sans heading. No other change. 310 (5): The IPC section is included as sub-section in
BNS, sans heading. Words ""at any time after
the passing of this Act, shall"" is removed. 310 (6): D itto."
IPC,399,Making preparation to commit dacoity,BNS,310,Dacoity,merged,"310 (1): Ditto. 310 (2): Ditto. 310 (3): IPC section is included as sub-section in BNS
sans heading. Minimum mandatory
punishment of imprisonment is ""shall not be
less than ten years"". 310 (4): IPC section is included as sub-section in BNS
sans heading. No other change. 310 (5): The IPC section is included as sub-section in
BNS, sans heading. Words ""at any time after
the passing of this Act, shall"" is removed. 310 (6): D itto."
IPC,400,Punishment for belonging to gang of dacoits,BNS,310,Dacoity,merged,"310 (1): Ditto. 310 (2): Ditto. 310 (3): IPC section is included as sub-section in BNS
sans heading. Minimum mandatory
punishment of imprisonment is ""shall not be
less than ten years"". 310 (4): IPC section is included as sub-section in BNS
sans heading. No other change. 310 (5): The IPC section is included as sub-section in
BNS, sans heading. Words ""at any time after
the passing of this Act, shall"" is removed. 310 (6): D itto."
IPC,402,Assembling for purpose of committing dacoity,BNS,310,Dacoity,merged,"310 (1): Ditto. 310 (2): Ditto. 310 (3): IPC section is included as sub-section in BNS
sans heading. Minimum mandatory
punishment of imprisonment is ""shall not be
less than ten years"". 310 (4): IPC section is included as sub-section in BNS
sans heading. No other change. 310 (5): The IPC section is included as sub-section in
BNS, sans heading. Words ""at any time after
the passing of this Act, shall"" is removed. 310 (6): D itto."
IPC,397,"Robbery or dacoity, with attempt to cause death or grievous hurt",BNS,311,"Robbery, or dacoity, with attempt to cause death or grievous hurt",direct,311: No change.
IPC,398,Attempt to commit robbery or dacoity when armed with deadly weapon,BNS,312,Attempt to commit robbery or dacoity when armed with deadly weapon,direct,312: No change.
IPC,401,Punishment for belonging to gang of thieves,BNS,313,"Punishment for belonging to gang of robbers, etc",direct,"313: The word 'thieves' is replaced by ""robbers"" in
the heading. The words ""at any time after the
passing of this Act, shall"" ""at wandering or
other""and ""for the purpose of"" are excluded."
IPC,403,Dishonest misappropriation of property,BNS,314,Dishonest misappropriation of property,direct,"314: Minimum mandatory imprisonment of six
months and with fine added."
IPC,404,Dishonest misappropriation of property possessed by deceased person at the time of his death,BNS,315,Dishonest misappropriation of property possessed by,direct,315: No change.
IPC,405,Criminal breach of trust,BNS,316,Criminal breach of trust,merged,"316 (1): Definition presented in BNS as a sub-section. 316 (2): IPC Section is included as sub-section in BNS
sans heading. The upper limit of the
imprisonment is increased from three years to
five years. 316 (3): Section is included as sub-section in BNS sans
heading. 316 (4): Ditto. 316 (5): Ditto."
IPC,406,Punishment for criminal breach of trust,BNS,316,Criminal breach of trust,merged,"316 (1): Definition presented in BNS as a sub-section. 316 (2): IPC Section is included as sub-section in BNS
sans heading. The upper limit of the
imprisonment is increased from three years to
five years. 316 (3): Section is included as sub-section in BNS sans
heading. 316 (4): Ditto. 316 (5): Ditto."
IPC,407,"Criminal breach of trust by carrier, etc",BNS,316,Criminal breach of trust,merged,"316 (1): Definition presented in BNS as a sub-section. 316 (2): IPC Section is included as sub-section in BNS
sans heading. The upper limit of the
imprisonment is increased from three years to
five years. 316 (3): Section is included as sub-section in BNS sans
heading. 316 (4): Ditto. 316 (5): Ditto."
IPC,408,Criminal breach of trust by clerk or servant,BNS,316,Criminal breach of trust,merged,"316 (1): Definition presented in BNS as a sub-section. 316 (2): IPC Section is included as sub-section in BNS
sans heading. The upper limit of the
imprisonment is increased from three years to
five years. 316 (3): Section is included as sub-section in BNS sans
heading. 316 (4): Ditto. 316 (5): Ditto."
IPC,409,"Criminal breach of trust by public servant, or by banker, merchant or agent",BNS,316,Criminal breach of trust,merged,"316 (1): Definition presented in BNS as a sub-section. 316 (2): IPC Section is included as sub-section in BNS
sans heading. The upper limit of the
imprisonment is increased from three years to
five years. 316 (3): Section is included as sub-section in BNS sans
heading. 316 (4): Ditto. 316 (5): Ditto."
IPC,410,Stolen property,BNS,317,Stolen property,merged,"317 (1): Word ""cheating"" is added. 317 (2): IPC Section is included as sub-section in BNS
sans heading. 317 (3): Ditto. 317 (4): Ditto. 317 (5): Ditto."
IPC,411,Dishonestly receiving stolen property,BNS,317,Stolen property,merged,"317 (1): Word ""cheating"" is added. 317 (2): IPC Section is included as sub-section in BNS
sans heading. 317 (3): Ditto. 317 (4): Ditto. 317 (5): Ditto."
IPC,412,Dishonestly receiving property stolen in the commission of a dacoity,BNS,317,Stolen property,merged,"317 (1): Word ""cheating"" is added. 317 (2): IPC Section is included as sub-section in BNS
sans heading. 317 (3): Ditto. 317 (4): Ditto. 317 (5): Ditto."
IPC,413,Habitually dealing in stolen property,BNS,317,Stolen property,merged,"317 (1): Word ""cheating"" is added. 317 (2): IPC Section is included as sub-section in BNS
sans heading. 317 (3): Ditto. 317 (4): Ditto. 317 (5): Ditto."
IPC,414,Assisting in concealment of stolen property,BNS,317,Stolen property,merged,"317 (1): Word ""cheating"" is added. 317 (2): IPC Section is included as sub-section in BNS
sans heading. 317 (3): Ditto. 317 (4): Ditto. 317 (5): Ditto."
IPC,415,Cheating,BNS,318,Cheating,merged,"318 (1): IPC section defining cheating is presented in
BNS as a sub-section. 318 (2): The IPC section is included as a sub-section in
the BNS sans heading. The upper limit of
imprisonment is increased from one year to
three years. 318 (3): IPC section is included as a sub-section in
BNS sans heading. The upper limit of
imprisonment is increased from three years to
five years. 318 (4): IPC section is included as a sub-section in
BNS sans heading."
IPC,417,Punishment for cheating,BNS,318,Cheating,merged,"318 (1): IPC section defining cheating is presented in
BNS as a sub-section. 318 (2): The IPC section is included as a sub-section in
the BNS sans heading. The upper limit of
imprisonment is increased from one year to
three years. 318 (3): IPC section is included as a sub-section in
BNS sans heading. The upper limit of
imprisonment is increased from three years to
five years. 318 (4): IPC section is included as a sub-section in
BNS sans heading."
IPC,418,Cheating with knowledge that wrongful loss may ensue to person whose interest offender is bound to protect,BNS,318,Cheating,merged,"318 (1): IPC section defining cheating is presented in
BNS as a sub-section. 318 (2): The IPC section is included as a sub-section in
the BNS sans heading. The upper limit of
imprisonment is increased from one year to
three years. 318 (3): IPC section is included as a sub-section in
BNS sans heading. The upper limit of
imprisonment is increased from three years to
five years. 318 (4): IPC section is included as a sub-section in
BNS sans heading."
IPC,420,Cheating and dishonestly inducing delivery of property,BNS,318,Cheating,merged,"318 (1): IPC section defining cheating is presented in
BNS as a sub-section. 318 (2): The IPC section is included as a sub-section in
the BNS sans heading. The upper limit of
imprisonment is increased from one year to
three years. 318 (3): IPC section is included as a sub-section in
BNS sans heading. The upper limit of
imprisonment is increased from three years to
five years. 318 (4): IPC section is included as a sub-section in
BNS sans heading."
IPC,416,Cheating by personation,BNS,319,Cheating by personation,merged,"319 (1): Formal change. This is a definition section
which is presented as a sub-section in BNS
without any change. 319 (2): IPC section is included as a sub-section in
BNS sans heading. Upper limit of
imprisonment is increased from three years to
five years."
IPC,419,Punishment for cheating by personation,BNS,319,Cheating by personation,merged,"319 (1): Formal change. This is a definition section
which is presented as a sub-section in BNS
without any change. 319 (2): IPC section is included as a sub-section in
BNS sans heading. Upper limit of
imprisonment is increased from three years to
five years."
IPC,421,Dishonest or fraudulent removal or concealment of property to prevent distribution among creditors,BNS,320,Dishonest or fraudulent removal or concealment of property to prevent distribution among creditors,direct,"320: Minimum mandatory punishment for
imprisonment of six months has been
introduced."
IPC,422,Dishonestly or fraudulently preventing debt being available for creditors,BNS,321,Dishonestly or fraudulently preventing debt being available for creditors,direct,321: No change.
IPC,423,Dishonest or fraudulent execution of deed of transfer containing false statement of consideration,BNS,322,Dishonest or fraudulent execution of deed of transfer containing false statement of consideration,direct,"322: Upper limit of imprisonment is increased from
two years to three years."
IPC,424,Dishonest or fraudulent removal or concealment of property,BNS,323,Dishonest or fraudulent removal or concealment of property,direct,323: Ditto.
IPC,425,Mischief,BNS,324,Mischief,merged,"324 (1): No change. 324 (2): The upper limit of imprisonment is increased
from three months to six months. 324 (3): This is a new addition. 324 (4): Newly added 324 (5): Value of damaged property amount threshold
increased from fifty rupees to one lakh rupees.
Punishment increased from two years to five
years. 324 (6): No change."
IPC,426,Punishment for mischief,BNS,324,Mischief,merged,"324 (1): No change. 324 (2): The upper limit of imprisonment is increased
from three months to six months. 324 (3): This is a new addition. 324 (4): Newly added 324 (5): Value of damaged property amount threshold
increased from fifty rupees to one lakh rupees.
Punishment increased from two years to five
years. 324 (6): No change."
IPC,427,Mischief causing damage to the amount of fifty rupees,BNS,324,Mischief,merged,"324 (1): No change. 324 (2): The upper limit of imprisonment is increased
from three months to six months. 324 (3): This is a new addition. 324 (4): Newly added 324 (5): Value of damaged property amount threshold
increased from fifty rupees to one lakh rupees.
Punishment increased from two years to five
years. 324 (6): No change."
IPC,440,Mischief committed after preparation made for causing death or hurt,BNS,324,Mischief,merged,"324 (1): No change. 324 (2): The upper limit of imprisonment is increased
from three months to six months. 324 (3): This is a new addition. 324 (4): Newly added 324 (5): Value of damaged property amount threshold
increased from fifty rupees to one lakh rupees.
Punishment increased from two years to five
years. 324 (6): No change."
IPC,428,Mischief by killing or maiming animal of the value of ten rupees,BNS,325,Mischief by killing or maiming animal,merged,"325: The upper limit of imprisonment is increased
from two years to five years. Scope is
expanded greatly by amending it to ""any
animal""."
IPC,429,"Mischief by killing or maiming cattle, etc., of any value or any animal of the value of fifty rupees",BNS,325,Mischief by killing or maiming animal,merged,"325: The upper limit of imprisonment is increased
from two years to five years. Scope is
expanded greatly by amending it to ""any
animal""."
IPC,430,Mischief by injury to works of irrigation or by wrongfully diverting water,BNS,326,"Mischief by injury, inundation, fire or explosive substance, etc",merged,"326 (a): IPC section is included as a sub-section sans
heading. 326 (b): Words ""whoever commits mischief"" is
excluded. Section is included as a sub-section
sans heading. 326 (c): IPC section is included as a sub-section sans
heading. 326 (d): words ""light house or other light used as sea
marks or any sea mark or buoy"" are replaced
by ""any sign or signal used for navigation of
rail, aircraft, or ship,"" thus the scope is
widened immensely. 326 (e): IPC section is included as a sub-section sans
heading. 326 (f): Words ""including agricultural produce""
added. 326 (g): IPC section is included as a sub-section sans
heading."
IPC,431,"Mischief by injury to public road, bridge, river or channel",BNS,326,"Mischief by injury, inundation, fire or explosive substance, etc",merged,"326 (a): IPC section is included as a sub-section sans
heading. 326 (b): Words ""whoever commits mischief"" is
excluded. Section is included as a sub-section
sans heading. 326 (c): IPC section is included as a sub-section sans
heading. 326 (d): words ""light house or other light used as sea
marks or any sea mark or buoy"" are replaced
by ""any sign or signal used for navigation of
rail, aircraft, or ship,"" thus the scope is
widened immensely. 326 (e): IPC section is included as a sub-section sans
heading. 326 (f): Words ""including agricultural produce""
added. 326 (g): IPC section is included as a sub-section sans
heading."
IPC,432,Mischief by causing inundation or obstruction to public drainage attended with damage,BNS,326,"Mischief by injury, inundation, fire or explosive substance, etc",merged,"326 (a): IPC section is included as a sub-section sans
heading. 326 (b): Words ""whoever commits mischief"" is
excluded. Section is included as a sub-section
sans heading. 326 (c): IPC section is included as a sub-section sans
heading. 326 (d): words ""light house or other light used as sea
marks or any sea mark or buoy"" are replaced
by ""any sign or signal used for navigation of
rail, aircraft, or ship,"" thus the scope is
widened immensely. 326 (e): IPC section is included as a sub-section sans
heading. 326 (f): Words ""including agricultural produce""
added. 326 (g): IPC section is included as a sub-section sans
heading."
IPC,433,"Mischief by destroying, moving or rendering less useful a light-house or sea-mark",BNS,326,"Mischief by injury, inundation, fire or explosive substance, etc",merged,"326 (a): IPC section is included as a sub-section sans
heading. 326 (b): Words ""whoever commits mischief"" is
excluded. Section is included as a sub-section
sans heading. 326 (c): IPC section is included as a sub-section sans
heading. 326 (d): words ""light house or other light used as sea
marks or any sea mark or buoy"" are replaced
by ""any sign or signal used for navigation of
rail, aircraft, or ship,"" thus the scope is
widened immensely. 326 (e): IPC section is included as a sub-section sans
heading. 326 (f): Words ""including agricultural produce""
added. 326 (g): IPC section is included as a sub-section sans
heading."
IPC,434,"Mischief by destroying or moving, etc., a land-mark fixed by public authority",BNS,326,"Mischief by injury, inundation, fire or explosive substance, etc",merged,"326 (a): IPC section is included as a sub-section sans
heading. 326 (b): Words ""whoever commits mischief"" is
excluded. Section is included as a sub-section
sans heading. 326 (c): IPC section is included as a sub-section sans
heading. 326 (d): words ""light house or other light used as sea
marks or any sea mark or buoy"" are replaced
by ""any sign or signal used for navigation of
rail, aircraft, or ship,"" thus the scope is
widened immensely. 326 (e): IPC section is included as a sub-section sans
heading. 326 (f): Words ""including agricultural produce""
added. 326 (g): IPC section is included as a sub-section sans
heading."
IPC,435,Mischief by fire or explosive substance with intent to cause damage to amount of one hundred or (in case of agricultural produce) ten rupees,BNS,326,"Mischief by injury, inundation, fire or explosive substance, etc",merged,"326 (a): IPC section is included as a sub-section sans
heading. 326 (b): Words ""whoever commits mischief"" is
excluded. Section is included as a sub-section
sans heading. 326 (c): IPC section is included as a sub-section sans
heading. 326 (d): words ""light house or other light used as sea
marks or any sea mark or buoy"" are replaced
by ""any sign or signal used for navigation of
rail, aircraft, or ship,"" thus the scope is
widened immensely. 326 (e): IPC section is included as a sub-section sans
heading. 326 (f): Words ""including agricultural produce""
added. 326 (g): IPC section is included as a sub-section sans
heading."
IPC,436,"Mischief by fire or explosive substance with intent destroy house, etc",BNS,326,"Mischief by injury, inundation, fire or explosive substance, etc",merged,"326 (a): IPC section is included as a sub-section sans
heading. 326 (b): Words ""whoever commits mischief"" is
excluded. Section is included as a sub-section
sans heading. 326 (c): IPC section is included as a sub-section sans
heading. 326 (d): words ""light house or other light used as sea
marks or any sea mark or buoy"" are replaced
by ""any sign or signal used for navigation of
rail, aircraft, or ship,"" thus the scope is
widened immensely. 326 (e): IPC section is included as a sub-section sans
heading. 326 (f): Words ""including agricultural produce""
added. 326 (g): IPC section is included as a sub-section sans
heading."
IPC,437,Mischief with intent to destroy or make unsafe a decked vessel or one of twenty tons burden,BNS,327,"Mischief with intent to destroy or make unsafe a rail, aircraft, decked vessel or one of twenty tons burden",merged,"327 (1): Formal changes, but essence is same-""rail,
a ircraft"" are added in the heading. 327 (2): IPC section is included as a sub-section sans
heading."
IPC,438,Punishment for the mischief described in section 437 committed by fire or explosive substance,BNS,327,"Mischief with intent to destroy or make unsafe a rail, aircraft, decked vessel or one of twenty tons burden",merged,"327 (1): Formal changes, but essence is same-""rail,
a ircraft"" are added in the heading. 327 (2): IPC section is included as a sub-section sans
heading."
IPC,439,"Punishment for intentionally running vessel aground or ashore with intent to commit theft, etc",BNS,328,"Punishment for intentionally running vessel aground or ashore with intent to commit theft, etc",direct,328: No change.
IPC,441,Criminal trespass,BNS,329,Criminal trespass and house-trespass,merged,"329 (1): IPC section is included as a sub-section. 329 (2): Ditto. 329 (3): The IPC section is included as a sub-section in
the BNS sans heading. The fine increased
from five hundred rupees to five thousand
rupees. 329 (4): The IPC section is included as a sub-section in
the BNS sans heading. The upper limit of the
fine has been increased from one thousand to
five thousand rupees."
IPC,442,House-trespass,BNS,329,Criminal trespass and house-trespass,merged,"329 (1): IPC section is included as a sub-section. 329 (2): Ditto. 329 (3): The IPC section is included as a sub-section in
the BNS sans heading. The fine increased
from five hundred rupees to five thousand
rupees. 329 (4): The IPC section is included as a sub-section in
the BNS sans heading. The upper limit of the
fine has been increased from one thousand to
five thousand rupees."
IPC,447,Punishment for criminal trespass,BNS,329,Criminal trespass and house-trespass,merged,"329 (1): IPC section is included as a sub-section. 329 (2): Ditto. 329 (3): The IPC section is included as a sub-section in
the BNS sans heading. The fine increased
from five hundred rupees to five thousand
rupees. 329 (4): The IPC section is included as a sub-section in
the BNS sans heading. The upper limit of the
fine has been increased from one thousand to
five thousand rupees."
IPC,448,Punishment for house-trespass,BNS,329,Criminal trespass and house-trespass,merged,"329 (1): IPC section is included as a sub-section. 329 (2): Ditto. 329 (3): The IPC section is included as a sub-section in
the BNS sans heading. The fine increased
from five hundred rupees to five thousand
rupees. 329 (4): The IPC section is included as a sub-section in
the BNS sans heading. The upper limit of the
fine has been increased from one thousand to
five thousand rupees."
IPC,443,Lurking house-trespass,BNS,330,House-trespass and house- breaking,merged,"330 (1): IPC section is included as a sub-section. 330 (2): The IPC section is included as a sub-section in
the BNS sans heading. Words ""any of such six
ways"" are replaced with ""in any of the
following ways""."
IPC,445,House-breaking,BNS,330,House-trespass and house- breaking,merged,"330 (1): IPC section is included as a sub-section. 330 (2): The IPC section is included as a sub-section in
the BNS sans heading. Words ""any of such six
ways"" are replaced with ""in any of the
following ways""."
IPC,453,Punishment for lurking house-trespass or house-breaking,BNS,331,Punishment for house-trespass or house- breaking,merged,"331 (1): IPC section is included as a sub-section.
""Lurking"" is dropped from heading. 331 (2): IPC section is included as a sub-section in
BNS sans heading. ""by night' is replaced by
after ""sunset and before sunrise"". 331 (3): IPC section is included as a sub-section in
B NS sans heading. 331 (4): The words ""by night"" are replaced by ""after
sunset and before sunrise"". 331 (5): Section is included as a sub-section in BNS
s ans heading. 331 (6): IPC section is included as a sub-section in
BNS sans heading. ""by night"" is replaced by
""after sunset and before sunrise"". 331 (7): IPC section is included as a sub-section in
BNS sans heading. 331 (8): IPC section is included as a sub-section in
BNS sans heading. ""by night"" is replaced by
""after sunset and before sunrise""."
IPC,454,Lurking house-trespass or house-breaking in order to commit offence punishable with imprisonment,BNS,331,Punishment for house-trespass or house- breaking,merged,"331 (1): IPC section is included as a sub-section.
""Lurking"" is dropped from heading. 331 (2): IPC section is included as a sub-section in
BNS sans heading. ""by night' is replaced by
after ""sunset and before sunrise"". 331 (3): IPC section is included as a sub-section in
B NS sans heading. 331 (4): The words ""by night"" are replaced by ""after
sunset and before sunrise"". 331 (5): Section is included as a sub-section in BNS
s ans heading. 331 (6): IPC section is included as a sub-section in
BNS sans heading. ""by night"" is replaced by
""after sunset and before sunrise"". 331 (7): IPC section is included as a sub-section in
BNS sans heading. 331 (8): IPC section is included as a sub-section in
BNS sans heading. ""by night"" is replaced by
""after sunset and before sunrise""."
IPC,455,"Lurking house-trespass or house-breaking after preparation for hurt, assault or wrongful restraint",BNS,331,Punishment for house-trespass or house- breaking,merged,"331 (1): IPC section is included as a sub-section.
""Lurking"" is dropped from heading. 331 (2): IPC section is included as a sub-section in
BNS sans heading. ""by night' is replaced by
after ""sunset and before sunrise"". 331 (3): IPC section is included as a sub-section in
B NS sans heading. 331 (4): The words ""by night"" are replaced by ""after
sunset and before sunrise"". 331 (5): Section is included as a sub-section in BNS
s ans heading. 331 (6): IPC section is included as a sub-section in
BNS sans heading. ""by night"" is replaced by
""after sunset and before sunrise"". 331 (7): IPC section is included as a sub-section in
BNS sans heading. 331 (8): IPC section is included as a sub-section in
BNS sans heading. ""by night"" is replaced by
""after sunset and before sunrise""."
IPC,456,Punishment for lurking house-trespass or house-breaking by night,BNS,331,Punishment for house-trespass or house- breaking,merged,"331 (1): IPC section is included as a sub-section.
""Lurking"" is dropped from heading. 331 (2): IPC section is included as a sub-section in
BNS sans heading. ""by night' is replaced by
after ""sunset and before sunrise"". 331 (3): IPC section is included as a sub-section in
B NS sans heading. 331 (4): The words ""by night"" are replaced by ""after
sunset and before sunrise"". 331 (5): Section is included as a sub-section in BNS
s ans heading. 331 (6): IPC section is included as a sub-section in
BNS sans heading. ""by night"" is replaced by
""after sunset and before sunrise"". 331 (7): IPC section is included as a sub-section in
BNS sans heading. 331 (8): IPC section is included as a sub-section in
BNS sans heading. ""by night"" is replaced by
""after sunset and before sunrise""."
IPC,457,Lurking house-trespass or house-breaking by night in order to commit offence punishable with imprisonment,BNS,331,Punishment for house-trespass or house- breaking,merged,"331 (1): IPC section is included as a sub-section.
""Lurking"" is dropped from heading. 331 (2): IPC section is included as a sub-section in
BNS sans heading. ""by night' is replaced by
after ""sunset and before sunrise"". 331 (3): IPC section is included as a sub-section in
B NS sans heading. 331 (4): The words ""by night"" are replaced by ""after
sunset and before sunrise"". 331 (5): Section is included as a sub-section in BNS
s ans heading. 331 (6): IPC section is included as a sub-section in
BNS sans heading. ""by night"" is replaced by
""after sunset and before sunrise"". 331 (7): IPC section is included as a sub-section in
BNS sans heading. 331 (8): IPC section is included as a sub-section in
BNS sans heading. ""by night"" is replaced by
""after sunset and before sunrise""."
IPC,458,"Lurking house-trespass or house-breaking by night after preparation for hurt, assault, or wrongful restraint",BNS,331,Punishment for house-trespass or house- breaking,merged,"331 (1): IPC section is included as a sub-section.
""Lurking"" is dropped from heading. 331 (2): IPC section is included as a sub-section in
BNS sans heading. ""by night' is replaced by
after ""sunset and before sunrise"". 331 (3): IPC section is included as a sub-section in
B NS sans heading. 331 (4): The words ""by night"" are replaced by ""after
sunset and before sunrise"". 331 (5): Section is included as a sub-section in BNS
s ans heading. 331 (6): IPC section is included as a sub-section in
BNS sans heading. ""by night"" is replaced by
""after sunset and before sunrise"". 331 (7): IPC section is included as a sub-section in
BNS sans heading. 331 (8): IPC section is included as a sub-section in
BNS sans heading. ""by night"" is replaced by
""after sunset and before sunrise""."
IPC,459,Grievous hurt caused whilst committing lurking house-trespass or house-breaking,BNS,331,Punishment for house-trespass or house- breaking,merged,"331 (1): IPC section is included as a sub-section.
""Lurking"" is dropped from heading. 331 (2): IPC section is included as a sub-section in
BNS sans heading. ""by night' is replaced by
after ""sunset and before sunrise"". 331 (3): IPC section is included as a sub-section in
B NS sans heading. 331 (4): The words ""by night"" are replaced by ""after
sunset and before sunrise"". 331 (5): Section is included as a sub-section in BNS
s ans heading. 331 (6): IPC section is included as a sub-section in
BNS sans heading. ""by night"" is replaced by
""after sunset and before sunrise"". 331 (7): IPC section is included as a sub-section in
BNS sans heading. 331 (8): IPC section is included as a sub-section in
BNS sans heading. ""by night"" is replaced by
""after sunset and before sunrise""."
IPC,460,All persons jointly concerned in lurking house-trespass or house-breaking by night punishable where death or grievous hurt caused by one of them,BNS,331,Punishment for house-trespass or house- breaking,merged,"331 (1): IPC section is included as a sub-section.
""Lurking"" is dropped from heading. 331 (2): IPC section is included as a sub-section in
BNS sans heading. ""by night' is replaced by
after ""sunset and before sunrise"". 331 (3): IPC section is included as a sub-section in
B NS sans heading. 331 (4): The words ""by night"" are replaced by ""after
sunset and before sunrise"". 331 (5): Section is included as a sub-section in BNS
s ans heading. 331 (6): IPC section is included as a sub-section in
BNS sans heading. ""by night"" is replaced by
""after sunset and before sunrise"". 331 (7): IPC section is included as a sub-section in
BNS sans heading. 331 (8): IPC section is included as a sub-section in
BNS sans heading. ""by night"" is replaced by
""after sunset and before sunrise""."
IPC,449,House-trespass in order to commit offence punishable with death,BNS,332,House-trespass in order to commit offence,merged,"332 (a): IPC section is included as a sub-section in
BNS. 332 (b): IPC section is included as a sub-section sans
heading. 332 (c): IPC section is included as a sub-section sans
heading."
IPC,450,House-trespass in order to commit offence punishable with imprisonment for life,BNS,332,House-trespass in order to commit offence,merged,"332 (a): IPC section is included as a sub-section in
BNS. 332 (b): IPC section is included as a sub-section sans
heading. 332 (c): IPC section is included as a sub-section sans
heading."
IPC,451,House-trespass in order to commit offence punishable with imprisonment,BNS,332,House-trespass in order to commit offence,merged,"332 (a): IPC section is included as a sub-section in
BNS. 332 (b): IPC section is included as a sub-section sans
heading. 332 (c): IPC section is included as a sub-section sans
heading."
IPC,452,"House-trespass alter preparation for hurt, assault or wrongful restraint",BNS,333,"House-trespass after preparation for hurt, assault or wrongful restraint",direct,333: No change.
IPC,461,Dishonestly breaking open receptacle containing property,BNS,334,Dishonestly breaking open receptacle containing property,merged,"334 (1): IPC section is included as a sub-section in
BNS. 334 (2): IPC section is included as a sub-section in
BNS sans heading."
IPC,462,Punishment for same offence when committed by person entrusted with custody,BNS,334,Dishonestly breaking open receptacle containing property,merged,"334 (1): IPC section is included as a sub-section in
BNS. 334 (2): IPC section is included as a sub-section in
BNS sans heading."
IPC,464,Making a false document,BNS,335,Making a false document,direct,"335: Heading changed and first, secondly, thirdly
replaced with (A), (B), (C)."
IPC,463,Forgery,BNS,336,Forgery,merged,"336 (1): Section is included as a sub-section in BNS.
No other change. 336 (2): Section is included as a sub-section in BNS
sans heading. No other Change. 336 (3): Ditto. 336 (4): Ditto."
IPC,465,Punishment for forgery,BNS,336,Forgery,merged,"336 (1): Section is included as a sub-section in BNS.
No other change. 336 (2): Section is included as a sub-section in BNS
sans heading. No other Change. 336 (3): Ditto. 336 (4): Ditto."
IPC,468,Forgery for purpose of cheating,BNS,336,Forgery,merged,"336 (1): Section is included as a sub-section in BNS.
No other change. 336 (2): Section is included as a sub-section in BNS
sans heading. No other Change. 336 (3): Ditto. 336 (4): Ditto."
IPC,469,Forgery for purpose of harming reputation,BNS,336,Forgery,merged,"336 (1): Section is included as a sub-section in BNS.
No other change. 336 (2): Section is included as a sub-section in BNS
sans heading. No other Change. 336 (3): Ditto. 336 (4): Ditto."
IPC,466,"Forgery of record of Court or of public register, etc",BNS,337,"Forgery of record of Court or of public register, etc",direct,"337: ""Court or an identity document issued by the
government, including a voter identity card or
Aadhaar card,"" is added, and ""baptism"" is
excluded."
IPC,467,"Forgery of valuable security, will, etc",BNS,338,"Forgery of valuable security, will, etc",direct,338: No change.
IPC,474,"Having possession of document described in section 466 or 467, knowing it to be forged and intending to use it genuine",BNS,339,"Having possession of document described in section 337 or section 338, knowing it to be forged and intending to use it as genuine. Forged document or electronic record and using it as genuine",direct,339: No change.
IPC,470,Forged document,BNS,340,Forged document or electronic record and using it as genuine,merged,"340 (1): IPC section is included as a sub-section in
BNS. ""using it as genuine"" is added in the
heading. 340 (2): IPC section is included as a sub-section in
BNS sans heading."
IPC,471,Using as genuine a forged document,BNS,340,Forged document or electronic record and using it as genuine,merged,"340 (1): IPC section is included as a sub-section in
BNS. ""using it as genuine"" is added in the
heading. 340 (2): IPC section is included as a sub-section in
BNS sans heading."
IPC,472,"Making or possessing counterfeit seal, etc., with intent to commit forgery punishable under section 467",BNS,341,"Making or possessing counterfeit seal, etc., with intent to commit forgery punishable under section 338",merged,"341 (1): IPC section is included as a sub-section in
BNS. 341 (2): IPC section is included as a sub-section in
BNS sans heading."
IPC,473,"Making or possessing counterfeit seal, etc., with intent to commit forgery punishable otherwise",BNS,341,"Making or possessing counterfeit seal, etc., with intent to commit forgery punishable under section 338",merged,"341 (1): IPC section is included as a sub-section in
BNS. 341 (2): IPC section is included as a sub-section in
BNS sans heading."
IPC,475,"Counterfeiting device or mark used for authenticating documents described in section 467, or possessing counterfeit marked material",BNS,342,"Counterfeiting device or mark used for authenticating documents described in section 338, or possessing counterfeit marked material",merged,"342 (1): IPC section is included as a sub-section in
BNS. 342 (2): IPC section is included as a sub-section in
BNS sans heading."
IPC,476,"Counterfeiting device or mark used for authenticating documents other than those described in section 467, or possessing counterfeit marked material",BNS,342,"Counterfeiting device or mark used for authenticating documents described in section 338, or possessing counterfeit marked material",merged,"342 (1): IPC section is included as a sub-section in
BNS. 342 (2): IPC section is included as a sub-section in
BNS sans heading."
IPC,477,"Fraudulent cancellation, destruction, etc., of will, authority to adopt, or valuable security",BNS,343,"Fraudulent cancellation, destruction, etc., of will, authority to adopt, or valuable security",direct,343: No change.
IPC,477A,Falsification of accounts,BNS,344,Falsification of accounts,direct,344: No change.
IPC,479,Property mark,BNS,345,Property mark,merged,"345 (1): IPC section is included as a sub-section in
BNS. 345 (2): IPC section is included as a sub-section in
BNS sans heading. 345 (3): Ditto."
IPC,481,Using a false property mark,BNS,345,Property mark,merged,"345 (1): IPC section is included as a sub-section in
BNS. 345 (2): IPC section is included as a sub-section in
BNS sans heading. 345 (3): Ditto."
IPC,482,Punishment for using a false property mark,BNS,345,Property mark,merged,"345 (1): IPC section is included as a sub-section in
BNS. 345 (2): IPC section is included as a sub-section in
BNS sans heading. 345 (3): Ditto."
IPC,489,Tampering with property mark with intent to cause injury,BNS,346,Tampering with property mark with intent to cause injury,direct,346: No change.
IPC,483,Counterfeiting a property mark used by another,BNS,347,Counterfeiting a property mark,merged,"347 (1): IPC section is included as a sub-section in
BNS. 347 (2): IPC Section is included as a sub-section in
BNS sans heading."
IPC,484,Counterfeiting a mark used by a public servant,BNS,347,Counterfeiting a property mark,merged,"347 (1): IPC section is included as a sub-section in
BNS. 347 (2): IPC Section is included as a sub-section in
BNS sans heading."
IPC,485,Making or possession of any instrument for counterfeiting a property mark,BNS,348,Making or possession of any instrument for counterfeiting a property mark,direct,348: No change.
IPC,486,Selling goods marked with a counterfeit property mark,BNS,349,Selling goods marked with a counterfeit property mark,direct,349: No change.
IPC,487,Making a false mark upon any receptacle containing goods,BNS,350,Making a false mark upon any receptacle containing goods,merged,"350 (1): IPC section is included as a sub-section in
BNS. 350 (2): IPC section is included as a sub-section in
BNS sans heading."
IPC,488,Punishment for making use of any such false mark,BNS,350,Making a false mark upon any receptacle containing goods,merged,"350 (1): IPC section is included as a sub-section in
BNS. 350 (2): IPC section is included as a sub-section in
BNS sans heading."
IPC,503,Criminal intimidation,BNS,351,Criminal intimidation,merged,"351 (1): IPC section is included as a sub-section in
BNS. ""by any means"" is added. 351 (2)/
(3): IPC Section is included as a sub-section in
BNS sans heading. 351 (4): Ditto."
IPC,506,Punishment for criminal intimidation,BNS,351,Criminal intimidation,merged,"351 (1): IPC section is included as a sub-section in
BNS. ""by any means"" is added. 351 (2)/
(3): IPC Section is included as a sub-section in
BNS sans heading. 351 (4): Ditto."
IPC,507,Criminal intimidation by an anonymous communication,BNS,351,Criminal intimidation,merged,"351 (1): IPC section is included as a sub-section in
BNS. ""by any means"" is added. 351 (2)/
(3): IPC Section is included as a sub-section in
BNS sans heading. 351 (4): Ditto."
IPC,504,Intentional insult with intent to provoke breach of the peace,BNS,352,Intentional insult with intent to provoke breach of peace,direct,"352: Words ""in any manner"" are added."
IPC,505,Statements conducing public mischief,BNS,353,Statements conducing to public mischief,direct,"353: "" false information"" and ""including through
electronic means"" are added."
IPC,508,Act caused by inducing person to believe that he will be rendered an object of the Divine displeasure,BNS,354,Act caused by inducing person to believe that he will be rendered an object of Divine displeasure,direct,354: No change.
IPC,510,Misconduct in public by a drunken person,BNS,355,Misconduct in public by a drunken person,direct,"355: Fine is increased from ten rupees to one
thousand, or with community service is added."
IPC,499,Defamation,BNS,356,Defamation,merged,"356 (1): IPC Section is included as a sub section. 356 (2): IPC section is included as a sub-section in
BNS sans heading. ""or with community
service"" is added as an alternate punishment. 356 (3): IPC Section is included as a sub-section in
BNS sans heading. 356 (4): Ditto."
IPC,500,Punishment for defamation,BNS,356,Defamation,merged,"356 (1): IPC Section is included as a sub section. 356 (2): IPC section is included as a sub-section in
BNS sans heading. ""or with community
service"" is added as an alternate punishment. 356 (3): IPC Section is included as a sub-section in
BNS sans heading. 356 (4): Ditto."
IPC,501,Printing or engraving matter known to be defamatory,BNS,356,Defamation,merged,"356 (1): IPC Section is included as a sub section. 356 (2): IPC section is included as a sub-section in
BNS sans heading. ""or with community
service"" is added as an alternate punishment. 356 (3): IPC Section is included as a sub-section in
BNS sans heading. 356 (4): Ditto."
IPC,502,Sale of printed or engraved substance containing defamatory matter,BNS,356,Defamation,merged,"356 (1): IPC Section is included as a sub section. 356 (2): IPC section is included as a sub-section in
BNS sans heading. ""or with community
service"" is added as an alternate punishment. 356 (3): IPC Section is included as a sub-section in
BNS sans heading. 356 (4): Ditto."
IPC,491,Breach of contract to attend on and supply wants of helpless person,BNS,357,Breach of contract to attend on and supply wants of helpless person,direct,"357: Fine increased from two hundred rupees to
five thousand rupees."
,,,BNS,48,Abetment outside India for offence in India,new_provision,"48: ""A person abets an offence within the meaning
of this Sanhita who, without and beyond India,
abets the commission of any act in India which
would constitute an offence if committed in
India""."
,,,BNS,69,"Sexual intercourse by employing deceitful means, etc",new_provision,"69: ""Whoever, by deceitful means or by making
promise to marry to a woman without any
intention of fulfilling the same, has sexual
intercourse with her, such sexual intercourse
not amounting to the offence of rape, shall be
punished with imprisonment of either
description for a term which may extend to ten
years and shall also be liable to fine.
Explanation. — ""deceitful means"" shall
include inducement for, or false promise of
employment or promotion, or marrying by
s uppressing identity."""
,,,BNS,95,"Hiring, employing or engaging a child to commit an offence",new_provision,"95: ""Whoever hires, employs or engages any child
to commit an offence shall be punished with
imprisonment of either description which shall
not be less than three years but which may
extend to ten years, and with fine; and if the
offence be committed shall also be punished
with the punishment provided for that offence
as if the offence has been committed by such
person himself.
Explanation. —Hiring, employing,
engaging or using a child for sexual
exploitation or pornography is covered within
t he meaning of this section""."
,,,BNS,111,Organised crime,new_provision,"111: Newly added section. ""Any continuing
unlawful activity including kidnapping,
robbery, vehicle theft, extortion, land grabbing,
contract killing, economic offence, cyber-
crimes, trafficking of persons, drugs, weapons
or illicit goods or services, human trafficking
for prostitution or ransom, by any person or a
group of persons acting in concert, singly or
jointly, either as a member of an organised
crime syndicate or on behalf of such syndicate,
by use of violence, threat of violence,"
,,,BNS,112,Petty organised crime,new_provision,"112: Newly added section. ""Whoever, being a
member of a group or gang, either singly or
jointly, commits any act of theft, snatching,
cheating, unauthorised selling of tickets,
unauthorised betting or gambling, selling of
public examination question papers or any
other similar criminal act, is said to commit
petty organised crime""."
,,,BNS,113,act,new_provision,113: Newly added section.
,,,BNS,152,"Act endangering sovereignty, unity and integrity of India",new_provision,"152: Newly added section. ""Whoever, purposely or
knowingly, by words, either spoken or written,
or by signs, or by visible representation, or by
electronic communication or by use of
financial mean, or otherwise, excites or
attempts to excite, secession or armed rebellion
or subversive activities, or encourages feelings
of separatist activities or endangers sovereignty
or unity and integrity of India; or indulges in or
commits any such act shall be punished with
imprisonment for life or With imprisonment"
,,,BNS,226,Attempt to commit suicide to compel or restrain exercise of lawful power,new_provision,"226: ""Whoever attempts to commit suicide with the
intent to compel or restrain any public servant
from discharging his official duty shall be
punished with simple imprisonment for a term
which may extend to one year, or with fine, or
with both, or with community service""."
,,,BNS,304,Snatching,new_provision,304: New addition.
,,,BNS,358,Repeal and savings,new_provision,"358: This section is a new addition. The Indian
Penal Code, 1860, was enacted by the British
Colonisers de novo; therefore, the Repeal and
Savings Section was not required at all. Vide
sub-section(1) and subsequent Government of
India notifications, the IPC will be repealed
on 1st July 2024. However, sub-sections (2) to
(4) stipulate savings related to the repealed
code."
IPC,13,"Definition of ""Queen""",BNS,,,removed,No counterpart listed in the BPRD correspondence table.
IPC,14,"""Servant of Government""",BNS,,,removed,No counterpart listed in the BPRD correspondence table.
IPC,15,"Definition of ""British India""",BNS,,,removed,No counterpart listed in the BPRD correspondence table.
IPC,16,"Definition of ""Government of India""",BNS,,,removed,No counterpart listed in the BPRD correspondence table.
IPC,18,"""India""",BNS,,,removed,No counterpart listed in the BPRD correspondence table.
IPC,23,"""Wrongful gain""",BNS,,,removed,No counterpart listed in the BPRD correspondence table.
IPC,50,"""Section""",BNS,,,removed,No counterpart listed in the BPRD correspondence table.
IPC,53A,Construction of reference to transportation,BNS,,,removed,No counterpart listed in the BPRD correspondence table.
IPC,55A,"Definition of ""appropriate Government""",BNS,,,removed,No counterpart listed in the BPRD correspondence table.
IPC,56,(Repealed) Sentence of Europeans and Americans to penal servitude,BNS,,,removed,No counterpart listed in the BPRD correspondence table.
IPC,58,(Repealed) Offenders sentenced to transportation how dealt with until transported,BNS,,,removed,No counterpart listed in the BPRD correspondence table.
IPC,59,(Repealed) Transportation instead of imprisonment,BNS,,,removed,No counterpart listed in the BPRD correspondence table.
IPC,61,(Repealed) Sentence of forfeiture of property,BNS,,,removed,No counterpart listed in the BPRD correspondence table.
IPC,62,"(Repealed) Forfeiture of property in respect of offenders punishable with death, transportation or imprisonment",BNS,,,removed,No counterpart listed in the BPRD correspondence table.
IPC,124A,Sedition,BNS,,,removed,No counterpart listed in the BPRD correspondence table.
IPC,138A,(Repealed) Application of foregoing sections to the Indian Marine Service,BNS,,,removed,No counterpart listed in the BPRD correspondence table.
IPC,143,Punishment,BNS,,,removed,No counterpart listed in the BPRD correspondence table.
IPC,153AA,Punishment for knowingly carrying arms in any procession or organising or holding or taking part in any mass drill or mass training with arms,BNS,,,removed,No counterpart listed in the BPRD correspondence table.
IPC,161,(Repealed),BNS,,,removed,No counterpart listed in the BPRD correspondence table.
IPC,162,(Repealed),BNS,,,removed,No counterpart listed in the BPRD correspondence table.
IPC,163,(Repealed),BNS,,,removed,No counterpart listed in the BPRD correspondence table.
IPC,164,(Repealed),BNS,,,removed,No counterpart listed in the BPRD correspondence table.
IPC,165,(Repealed),BNS,,,removed,No counterpart listed in the BPRD correspondence table.
IPC,165A,(Repealed),BNS,,,removed,No counterpart listed in the BPRD correspondence table.
IPC,171I,Failure to keep election accounts,BNS,,,removed,No counterpart listed in the BPRD correspondence table.
IPC,216B,"(Repealed) Definition of ""harbour"" in sections 212, 216 and 216A",BNS,,,removed,No counterpart listed in the BPRD correspondence table.
IPC,226,(Repealed) Unlawful return from transportation,BNS,,,removed,No counterpart listed in the BPRD correspondence table.
IPC,231,Counterfeiting coin,BNS,,,removed,No counterpart listed in the BPRD correspondence table.
IPC,232,Counterfeiting Indian coin,BNS,,,removed,No counterpart listed in the BPRD correspondence table.
IPC,236,Abetting in India the counterfeiting out of India of coin,BNS,,,removed,No counterpart listed in the BPRD correspondence table.
IPC,238,Import or export of counterfeits of the Indian coin,BNS,,,removed,No counterpart listed in the BPRD correspondence table.
IPC,239,Delivery of coin possessed with knowledge that it is counterfeit,BNS,,,removed,No counterpart listed in the BPRD correspondence table.
IPC,240,"Delivery of Indian coin, possessed with knowledge that it is counterfeit",BNS,,,removed,No counterpart listed in the BPRD correspondence table.
IPC,241,"Delivery of coin as genuine, which, when first possessed, the deliverer did not know to be counterfeit",BNS,,,removed,No counterpart listed in the BPRD correspondence table.
IPC,247,Fraudulently or dishonestly diminishing weight or altering composition of Indian coin,BNS,,,removed,No counterpart listed in the BPRD correspondence table.
IPC,248,Altering appearance of coin with intent that it shall pass as coin of different description,BNS,,,removed,No counterpart listed in the BPRD correspondence table.
IPC,249,Altering appearance of Indian coin with intent that it shall pass as coin of different description,BNS,,,removed,No counterpart listed in the BPRD correspondence table.
IPC,264,Fraudulent use of false instrument for weighing,BNS,,,removed,No counterpart listed in the BPRD correspondence table.
IPC,265,Fraudulent use of false weight or measure,BNS,,,removed,No counterpart listed in the BPRD correspondence table.
IPC,266,Being in possession of false weight or measure,BNS,,,removed,No counterpart listed in the BPRD correspondence table.
IPC,267,Making or selling false weight or measure,BNS,,,removed,No counterpart listed in the BPRD correspondence table.
IPC,309,Attempt to commit suicide,BNS,,,removed,No counterpart listed in the BPRD correspondence table.
IPC,310,Thug,BNS,,,removed,No counterpart listed in the BPRD correspondence table.
IPC,311,Punishment,BNS,,,removed,No counterpart listed in the BPRD correspondence table.
IPC,376DA,Punishment for gang rape on woman under sixteen years of age2,BNS,,,removed,No counterpart listed in the BPRD correspondence table.
IPC,377,Unnatural offences,BNS,,,removed,No counterpart listed in the BPRD correspondence table.
IPC,379A,Snatching1,BNS,,,removed,No counterpart listed in the BPRD correspondence table.
IPC,379B,Punishment for Snatching1,BNS,,,removed,No counterpart listed in the BPRD correspondence table.
IPC,444,Lurking house-trespass by night,BNS,,,removed,No counterpart listed in the BPRD correspondence table.
IPC,446,House-breaking by night,BNS,,,removed,No counterpart listed in the BPRD correspondence table.
IPC,478,(Repealed) Trade Mark,BNS,,,removed,No counterpart listed in the BPRD correspondence table.
IPC,480,(Repealed) Using a false trade mark,BNS,,,removed,No counterpart listed in the BPRD correspondence table.
IPC,490,(Repealed) Breach of contract of service during voyage or journey,BNS,,,removed,No counterpart listed in the BPRD correspondence table.
IPC,492,(Repealed) Breach of contract to serve at distant place to which servant is conveyed at master's expense,BNS,,,removed,No counterpart listed in the BPRD correspondence table.
IPC,497,Adultery,BNS,,,removed,No counterpart listed in the BPRD correspondence table.
CRPC,1,"Short title, extent and commencement",BNSS,1,"title, and",direct,"1: It contains the Act name, Bharatiya Nagarik Suraksha
Sanhita, 2023, and provisions regarding the commencement
date."
CRPC,2,Definitions,BNSS,2,Definitions,direct,"2: Several new subsections, such as 2(1)(a), 2(1)(b), 2(1)(d),
and 2(1)(e), are added, while others, namely 2(f), 2(k), 2(q),
and 2(t) of CrPC, are excluded. Furthermore, certain
subsections are modified. 2(1)(a): Newly added. 2(1)(b): Newly added. 2(1)(c): No change. 2(1)(d): Newly added. 2(1)(e): Newly added. 2(1)(f): No change. 2(1)(g): No change. 2(1)(h): No change except ""Code"" is replaced with ""Sanhita"".
Wherever the word ""Code"" is used in CrPC, the word
""Sanhita"" is used in BNSS, therefore, this fact will not be
specifically mentioned in this table hereinafter. 2(1)(i): Newly added. 2(1)(j): No change. 2(1)(k): No change. 2(1)(l): The term ""Code"" has been substituted with ""Sanhita"".
Explanation that in case of inconsistency provisions of
Special Act shall prevail. 2(1)(m
): No change. 2(1)(n): No change. 2(1)(o): No change. 2(1)(p): No change. 2(1)(q): No change. 2(1)(r): No chang"
CRPC,3,Construction of references,BNSS,3,Construction of references,direct,"3: CrPC sub-sections 3(1) and 3(2) are excluded; clauses (a)
and (b) of sub-section 3(3) are merged and rearranged,
having the same meaning except ""or of the third class,"" and
clauses (c) and (d) of sub-section 3(3) CrPC are also
excluded in BNSS."
CRPC,4,Trial of offences under the Indian Penal Code and other laws,BNSS,4,"Trial of offences under Bharatiya Nyaya Sanhita, 2023 and other laws",direct,4: No change.
CRPC,5,Saving,BNSS,5,Saving,direct,5: No change.
CRPC,6,Classes of Criminal Courts,BNSS,6,Classes of Criminal Courts,direct,"6: Words ""in any Metropolitan area, Metropolitan
Magistrates"" are excluded."
CRPC,7,Territorial divisions,BNSS,7,Territorial divisions,direct,"7: Proviso related to Metropolitan area, excluded."
CRPC,9,Court of Session,BNSS,8,Court of Session,direct,"8: ""Assistant Sessions Judges"" excluded. New subsections (7)
and (8) are added. Under the BNSS, the positions of Judicial
Magistrate of the third class, Metropolitan Magistrate, and
Assistant Session Judges have been abolished, etc.
Consequential amendments have been effected in various
sections, viz. 8, 11, 12, 14, 17, 22, 29, 113, 196, 214, 320,
3 21, 415, 422, and 436 of the BNSS."
CRPC,11,Courts of Judicial Magistrates,BNSS,9,Courts of Judicial Magistrates,direct,"9: The words ""not being a Metropolitan area"" are excluded."
CRPC,12,"Chief Judicial Magistrate and Additional Chief Judicial Magistrate, etc",BNSS,10,"Chief Judicial Magistrate and Additional Chief Judicial Magistrate, etc",direct,10: Ditto.
CRPC,13,Special Judicial Magistrates,BNSS,11,Special Judicial Magistrates,direct,11: Ditto.
CRPC,14,Local Jurisdiction of Judicial Magistrates,BNSS,12,Local Jurisdiction of Judicial Magistrates,direct,"12: The words ""Metropolitan area"" and Chief Metropolitan
Magistrate are excluded."
CRPC,15,Subordination of Judicial Magistrates,BNSS,13,Subordination of Judicial Magistrates,direct,13: No change.
CRPC,20,Executive Magistrates,BNSS,14,Executive Magistrates,direct,"14: The words ""in any Metropolitan area, Metropolitan
Magistrates"" are excluded."
CRPC,21,Special Executive Magistrates,BNSS,15,Special Executive Magistrates,direct,"15: With the new addition, State Government may appoint
police officers of the rank Superintendent of Police or
e quivalent, as Special Executive Magistrates."
CRPC,22,Local Jurisdiction of Executive Magistrates,BNSS,16,Local Jurisdiction of Executive Magistrates,direct,16: No change.
CRPC,23,Subordination of Executive Magistrates,BNSS,17,Subordination of Executive Magistrates,direct,"17: The words ""other than the additional District Magistrate""
are excluded."
CRPC,24,Public Prosecutors,BNSS,18,Public Prosecutors,direct,18: New proviso is added to subsection (1).
CRPC,25,Assistant Public Prosecutors,BNSS,19,Assistant Public Prosecutors,direct,"19: The time line of fourteen days for notice to the state
government for the appointment of Assistant Public
Prosecutor is mentioned. Proviso is reframed but the
meaning is same."
CRPC,25A,Directorate of Prosecution,BNSS,20,Directorate of Prosecution,direct,"20: The new addition subsection (1) (b) regarding establishment
of District Directorate of Prosecution. Subsections (8), (9),
(10) and (11) are also newly added etc."
CRPC,26,Courts by which offences are triable,BNSS,21,Courts by which offences are triable,direct,21: No change.
CRPC,28,Sentences which High Courts and Sessions Judges may pass,BNSS,22,Sentences which High Courts and Sessions Judges may pass,direct,22: Sub Section 28(3) of CrPC is excluded.
CRPC,29,Sentences which Magistrates may pass,BNSS,23,Sentences which Magistrates may pass,direct,"23: Change in amount of fine: ten thousand is replaced by fifty
thousand, and five thousand is replaced by ten thousand.
The explanation of Section 23 defines ""community service.""
S ub-section 29(4) CrPC is excluded."
CRPC,30,Sentence of imprisonment in default of fine,BNSS,24,Sentence of imprisonment in default of fine,direct,24: No change.
CRPC,31,Sentence in cases of conviction of several offences at one trial,BNSS,25,Sentence in cases of conviction of several offences at one trial,direct,"25: Sub section (1) is reframed but the essence is same. In
subsection (2) (a) fourteen years is replaced by twenty
years."
CRPC,32,Mode of conferring powers,BNSS,26,Mode of conferring powers,direct,26: No change.
CRPC,33,Powers of officers appointed,BNSS,27,Powers of officers appointed,direct,27: Ditto.
CRPC,34,Withdrawal of powers,BNSS,28,Withdrawal of powers,direct,28: Ditto.
CRPC,35,Powers of Judges and Magistrates exercisable by their successors-in-office,BNSS,29,Powers of Judges and Magistrates exercisable by their successors-in- office,direct,"29: The words ""Additional or Assistant session Judge"" are
excluded."
CRPC,36,Powers of superior officers of police,BNSS,30,Powers of superior officers of police,direct,30: No change.
CRPC,37,Public when to assist Magistrates and police,BNSS,31,Public when to assist Magistrates and police,direct,"31: The words ""railway, canal, telegraph or"" are excluded
thereby scope of the provision is broadened."
CRPC,38,"Aid to person other than police officer, executing warrant",BNSS,32,"Aid to person, other than police officer, executing warrant",direct,32: No change.
CRPC,39,Public to give information of certain offences,BNSS,33,Public to give information of certain offences,direct,33: Ditto.
CRPC,40,Duty of officers employed in connection with the affairs of a village to make certain report,BNSS,34,Duty of officers employed in connection with affairs of a village to make certain report,direct,"34: In subsection (2) (ii), instead of writing BNS sections
corresponding to IPC sections, the offence punishable for
imprisonment of ten years or more, etc., is mentioned.
."
CRPC,41,When police may arrest without warrant,BNSS,35,When police may arrest without warrant,merged,"35: A new subsection 7 is added: ""No arrest shall be made
without prior permission of an officer not below the rank of
Deputy Superintendent of Police in case of an offence
which is punishable for imprisonment of less than three
years and such person is infirm or is above sixty years of
age."""
CRPC,41A,Notice of appearance before police officer,BNSS,35,When police may arrest without warrant,merged,"35: A new subsection 7 is added: ""No arrest shall be made
without prior permission of an officer not below the rank of
Deputy Superintendent of Police in case of an offence
which is punishable for imprisonment of less than three
years and such person is infirm or is above sixty years of
age."""
CRPC,41B,Procedure of arrest and duties of officer making arrest,BNSS,36,Procedure of arrest and duties of officer making arrest,direct,"36: The words ""any other person"" is added are clause (c)."
CRPC,41C,Control room at districts,BNSS,37,Designated police officer,direct,"37: Sub-sections (2) and (3) of the CrPC are merged in (1) (b),
and provision is given for designating a police officer not
below the rank of Assistant Sub-Inspector for the said
p urpose."
CRPC,41D,Right of arrested person to meet an advocate of his choice during interrogation,BNSS,38,Right of arrested person to meet an advocate of his choice during interrogation,direct,38: No change.
CRPC,42,Arrest on refusal to give name and residence,BNSS,39,Arrest on refusal to give name and residence,direct,"39: The words ""his executing a bond with or without sureties""
are replaced by ""bond or bail bond,"" ."
CRPC,43,Arrest by private person and procedure on such arrest,BNSS,40,Arrest by private person and procedure on such arrest,direct,"40: In subsection (1), without unnecessary delay is further
specified by ""but within six hours from such arrest."" In
subsection (2), ""re-arrest"" is replaced by ""take him in
custody""."
CRPC,44,Arrest by Magistrate,BNSS,41,Arrest by Magistrate,direct,41: No change.
CRPC,45,Protection of members of the Armed Forces from arrest,BNSS,42,Protection of members of Armed Forces from arrest,direct,42: No change.
CRPC,46,Arrest how made,BNSS,43,Arrest how made,direct,"43: A new subsection (3) is added regarding the handcuff of a
habitual or repeat offender or accused who has committed
certain offences mentioned in the sub-section, etc."
CRPC,47,Search of place entered by person sought to be arrested,BNSS,44,Search of place entered by person sought to be arrested,direct,44: No change.
CRPC,48,Pursuit of offenders into other jurisdictions,BNSS,45,Pursuit of offenders into other jurisdictions,direct,45: No change.
CRPC,49,No unnecessary restraint,BNSS,46,No unnecessary restraint,direct,46: No change.
CRPC,50,Person arrested to be informed of grounds of arrest and of right to bail,BNSS,47,Person arrested to be informed of grounds of arrest and of right to bail,direct,47: No change.
CRPC,50A,"Obligation of person making arrest to inform about the arrest to inform about the arrest, etc., to a nominated person",BNSS,48,"Obligation of person making arrest to inform about arrest, etc., to relative or friend",direct,"48: The words ""and also to the designated police officer in the
district"" are added in subsection (1). In subsection (3), the
words ""may be prescribed in this behalf by"" are replaced by
""may, by rules, provide""."
CRPC,51,Search of arrested persons,BNSS,49,Search of arrested person,direct,"49: No Change except the word ""whenever"" is excluded from
clause (ii) of subsection (1)."
CRPC,52,Power to seize offensive weapons,BNSS,50,Power to seize offensive weapons,direct,"50: The words ""immediately after the arrest is made"" are
added."
CRPC,53,Examination of accused by medical practitioner at the request of police officer,BNSS,51,Examination of accused by medical practitioner at request of police officer,direct,"51: From sub-section (1), ""not below the rank of sub-inspector""
is excluded, and subsection (3) is newly added regarding the
forwarding of examination reports without delay by a
medical practitioner to the investigator. In explanation (b),
the ""defined in clause (h) of Section 2 of the Indian Medical
Council Act, 1956 (102 of 1956)"" is replaced by
""recognised under the National Medical Commission Act,
2019 (30 of 2019),"" and ""the National Medical Register"" is
also added as an optional to the State Medical Register."
CRPC,53A,Examination of person accused of rape by medical practitioner,BNSS,52,Examination of person accused of rape by medical practitioner,direct,"52: The words ""police officer not below the rank of Sub-
Inspector"" are replaced by ""any police officer""."
CRPC,54,Examination of arrested person by medical officer,BNSS,53,Examination of arrested person by medical officer,direct,"53: A new proviso added to subsection (1) regarding one more
examination can be done if it is necessary, in the opinion of
the medical practitioner."
CRPC,54A,Identification of person arrested,BNSS,54,Identification of person arrested,direct,"54: The second proviso is excluded as it is already covered
under the first proviso by adding the words ""the
identification process shall be recorded by any audio-video
electronic means.""."
CRPC,55,Procedure when police officer deputes subordinate to arrest without warrant,BNSS,55,Procedure when police officer deputes subordinate to arrest without warrant,direct,55: No change.
CRPC,55A,Health and safety of arrested person,BNSS,56,Health and safety of arrested person,direct,56: No change.
CRPC,56,Person arrested to be taken before Magistrate or officer in charge of police station,BNSS,57,Person arrested to be taken before Magistrate or officer in charge of police station,direct,57: No change.
CRPC,57,Person arrested not to be detained more than twenty-four hours,BNSS,58,Person arrested not to be detained more than twenty-four hours,direct,"58: No change except the words ""whether having jurisdiction or
not"" are added."
CRPC,58,Police to report apprehensions,BNSS,59,Police to report apprehensions,direct,59: No change.
CRPC,59,Discharge of person apprehended,BNSS,60,Discharge of person apprehended,direct,"60: ""Bail"" is replaced with ""bail bond""."
CRPC,60,"Powers, on escape, to pursue and re-take",BNSS,61,"Power, on escape, to pursue and retake",direct,61: No change.
CRPC,60A,Arrest to be made strictly according to the Code,BNSS,62,Arrest to be made strictly according to Sanhita,direct,62: No change.
CRPC,61,Form of summons,BNSS,63,Form of summons,direct,"63: A new clause (ii) ""in an encrypted or any other form of
electronic communication and shall bear the image of the seal
of the Court or digital signature"" is added."
CRPC,62,Summons how served,BNSS,64,Summons how served,direct,"64: Two new provisos regarding electronic communication,
under subsections (1) and (2), are added.
The word ""personally"" is added in sub-section (3)."
CRPC,63,Service of summons on corporate bodies and societies,BNSS,65,"Service of summons on corporate bodies, firms, and societies",direct,"65: In subsection (1), Director and Manager is added.
New subsection (2) regarding service of summons on any
partner of a firm or other association of individuals."
CRPC,64,Service when persons summoned cannot be found,BNSS,66,Service when persons summoned cannot be found,direct,"66: The word ""male"" is excluded to make the provision gender
neutral."
CRPC,65,Procedure when service cannot be effected as before provided,BNSS,67,Procedure when service cannot be effected as before provided,direct,67: No change.
CRPC,66,Service on Government servant,BNSS,68,Service on Government servant,direct,68: No change.
CRPC,67,Service of summons outside local limits,BNSS,69,Service of summons outside local limits,direct,69: No change.
CRPC,68,Proof of service in such cases and when serving officer not present,BNSS,70,Proof of service in such cases and when serving officer not present,direct,"70: A new subsection (3) is added, mentioning that service of
summons through electronic communication shall be
considered duly served, and a copy of such summons shall
be attested and kept as proof of service of summons."
CRPC,69,Service of summons on witness by post,BNSS,71,Service of summons on witness,direct,"71: The words ""by electronic communication or"" are added in
subsection (1). In subsection (2) words ""or on the proof of
delivery of summons under sub-section (3) of section 70 by
electronic communication to the satisfaction of the Court,""
are added."
CRPC,70,Form of warrant of arrest and duration,BNSS,72,Form of warrant of arrest and duration,direct,72: No change.
CRPC,71,Power to direct security to be taken,BNSS,73,Power to direct security to be taken,direct,73: No change.
CRPC,72,Warrants to whom directed,BNSS,74,Warrants to whom directed,direct,74: No change.
CRPC,73,Warrant may be directed to any person,BNSS,75,Warrant may be directed to any person,direct,75: No change.
CRPC,74,Warrant directed to police officer,BNSS,76,Warrant directed to police officer,direct,76: No change.
CRPC,75,Notification of substance of warrant,BNSS,77,Notification of substance of warrant,direct,77: No change.
CRPC,76,Person arrested to be brought before Court without delay,BNSS,78,Person arrested to be brought before Court without delay,direct,78: No change.
CRPC,77,Where warrant may be executed,BNSS,79,Where warrant may be executed,direct,79: No change.
CRPC,78,Warrant forwarded for execution outside jurisdiction,BNSS,80,Warrant forwarded for execution outside jurisdiction,direct,80: No change.
CRPC,79,Warrant directed to police officer for execution outside jurisdiction,BNSS,81,Warrant directed to police officer for execution outside jurisdiction,direct,81: No change.
CRPC,80,Procedure of arrest of person against whom warrant issued,BNSS,82,Procedure on arrest of person against whom warrant issued,direct,"82: New subsection (2) is added regarding information to
designated police officer of the respective district where
arrested person resides."
CRPC,81,Procedure by Magistrate before whom such person arrested is brought,BNSS,83,Procedure by Magistrate before whom such person arrested is brought,direct,"83: The word ""bail"" is replaced by ""bail bond""."
CRPC,82,Proclamation for person absconding,BNSS,84,Proclamation for person absconding,direct,"84: In subsection (4), IPC sections are replaced by punishments
related to corresponding BNS sections. the offence
punishable for imprisonment of ten years or more, etc., is
mentioned."
CRPC,83,Attachment of property of person absconding,BNSS,85,Attachment of property of person absconding,direct,"85: The words ""of property "" is added in clause (b) of
subsection (1)."
CRPC,84,Claims and objections to attachment,BNSS,87,Claims and objections to attachment,direct,87: No change.
CRPC,85,"Release, sale and restoration of attached property",BNSS,88,"Release, sale and restoration of attached property",direct,88: No change.
CRPC,86,Appeal from order rejecting application for restoration of attached property,BNSS,89,Appeal from order rejecting application for restoration of attached property,direct,89: No change.
CRPC,87,"Issue of warrant in lieu of, or in addition to, summons",BNSS,90,"Issue of warrant in lieu of, or in addition to, summons",direct,90: No change.
CRPC,88,Power to take bond for appearance,BNSS,91,Power to take bond or bail bond for appearance,direct,"91: The words ""or bail bond"" are added in heading and words
""bond with or without sureties"" are replaced by ""bond or
bail bond""."
CRPC,89,Arrest on breach of bond for appearance,BNSS,92,Arrest on breach of bond or bail bond for appearance,direct,"92: The words ""or bail bond"" are added."
CRPC,90,Provisions of this Chapter generally applicable to summons and warrants of arrest,BNSS,93,Provisions of this Chapter generally applicable to summons and warrants of arrest,direct,93: No change.
CRPC,91,Summons to produce document or other thing,BNSS,94,Summons to produce document or other thing,direct,"94: Regarding the production of documents, the words
""electronic communication, including communication
devices which is likely to contain digital evidence "" are
added, and the words ""either in physical form or in
electronic form, require"" are related to summoning a person
possessing a document. In subsection (3) (a) corresponding
sections of Indian Evidence Act, 1872 are replaced by the
sections of the Bharatiya Sakshya Adhiniyam, 2023 , word
""telegram is excluded."
CRPC,92,Procedure as to letters and telegrams,BNSS,95,Procedure as to letters,direct,"95: ""telegram"" and ""or telegraph"" words are excluded."
CRPC,93,When search-warrant may be issued,BNSS,96,When search- warrant may be issued,direct,"96: The words ""or telegraph"" are excluded."
CRPC,94,"Search of place suspected to contain stolen property, forged documents, etc",BNSS,97,"Search of place suspected to contain stolen property, forged documents, etc",direct,"97: In clause (a) of subsection (2), ""the Metal Token Act, 1889
(1 of 1889)"" is replaced by ""the Coinage Act, 2011 (11 of
2011)."" BNS sections replace the corresponding ""IPC""
s ections."
CRPC,95,Power to declare certain publications forfeited and to issue search-warrants for the same,BNSS,98,Power to declare certain publications forfeited and to issue search- warrants for same,direct,98: BNS sections replace corresponding IPC Sections.
CRPC,96,Application to High Court to set aside declaration of forfeiture,BNSS,99,Application to High Court to set aside declaration of forfeiture,direct,99: No change.
CRPC,97,Search for persons wrongfully confined,BNSS,100,Search for persons wrongfully confined,direct,100: No change.
CRPC,98,Power to compel restoration of abducted females,BNSS,101,Power to compel restoration of abducted females,direct,"101: The words ""under the age of eighteen years"" and ""husband""
are excluded."
CRPC,99,"Direction, etc., of search-warrants",BNSS,102,"Direction, etc., of search- warrants",direct,102: No change.
CRPC,100,Persons in charge of closed place to allow search,BNSS,103,Persons in charge of closed place to allow search,direct,"103: In subsection (8) BNS sections replaces corresponding IPC
sections."
CRPC,101,Disposal of things found in search beyond jurisdiction,BNSS,104,Disposal of things found in search beyond jurisdiction,direct,104: No change.
CRPC,102,Power of police officer to seize certain property,BNSS,106,Power of police officer to seize certain property,direct,106: No change.
CRPC,103,Magistrate may direct search in his presence,BNSS,108,Magistrate may direct search in his presence,direct,108: No change.
CRPC,104,"Power to impound document, etc., produced",BNSS,109,"Power to impound document, etc., produced",direct,109: No change.
CRPC,105,Reciprocal arrangements regarding processes,BNSS,110,Reciprocal arrangements regarding processes,direct,110: No change.
CRPC,105A,Definitions,BNSS,111,Definitions,direct,111: No change.
CRPC,166A,Letter of request to competent authority for investigation in a country or place outside India,BNSS,112,Letter of request to competent authority for investigation in a country or place outside India,direct,"112: No change except the words ""Notwithstanding anything
contained in this code"" are excluded."
CRPC,166B,Letter of request from a country or place outside India to a Court or an authority for investigation in India,BNSS,113,Letter of request from a country or place outside India to a Court or an authority for investigation in India,direct,"113: No change except the words ""or such Metropolitan
Magistrate"" are excluded."
CRPC,105B,Assistance in securing transfer of persons,BNSS,114,Assistance in securing transfer of persons,direct,"114: No change except the words ""Notwithstanding anything
contained in this code"" are excluded."
CRPC,105C,Assistance in relation to orders of attachment or forfeiture of property,BNSS,115,Assistance in relation to orders of attachment or forfeiture of property,direct,115: No change.
CRPC,105D,Identifying unlawfully acquired property,BNSS,116,Identifying unlawfully acquired property,direct,116: No change.
CRPC,105E,Seizure or attachment of property,BNSS,117,Seizure or attachment of property,direct,117: No change.
CRPC,105F,Management of properties seized or forfeited under this Chapter,BNSS,118,Management of properties seized or forfeited under this Chapter,direct,118: No change.
CRPC,105G,Notice of forfeiture of property,BNSS,119,Notice of forfeiture of property,direct,119: No change.
CRPC,105H,Forfeiture of property in certain cases,BNSS,120,Forfeiture of property in certain cases,direct,"120: In subsection (4),""the Companies Act, 2013 (18 of 2013)
replaces ""the Companies Act, 1956 (1 of 1956)""."
CRPC,105I,Fine in lieu of forfeiture,BNSS,121,Fine in lieu of forfeiture,direct,121: No change.
CRPC,105J,Certain transfers to be null and void,BNSS,122,Certain transfers to be null and void,direct,122: No change.
CRPC,105K,Procedure in respect of letter of request,BNSS,123,Procedure in respect of letter of request,direct,123: No change.
CRPC,105L,Application of this Chapter,BNSS,124,Application of this Chapter,direct,124: No change.
CRPC,106,Security for keeping the peace on conviction,BNSS,125,Security for keeping peace on conviction,direct,125: No change.
CRPC,107,Security for keeping the peace in other cases,BNSS,126,Security for keeping peace in other cases,direct,126: No change.
CRPC,108,Security for good behaviour from persons disseminating seditious matters,BNSS,127,Security for good behaviour from persons disseminating certain matters,direct,127: BNS sections replace corresponding IPC sections.
CRPC,109,Security for good behaviour from suspected persons,BNSS,128,Security for good behaviour from suspected persons,direct,128: No change.
CRPC,110,Security for good behaviour from habitual offenders,BNSS,129,Security for good behaviour from habitual offenders,direct,"129: BNS sections replace the corresponding IPC sections.
Clauses (e) the Protection of Civil Rights Act, 1955; (22 of
1955) and
(g) The Food Safety and Standards Act, 2006 (34 of 2006)
is added newly under subsection (f) (i). ""Bond with
sureties"" are replaced by ""bail bond""."
CRPC,111,Order to be made,BNSS,130,Order to be made,direct,"130: The words ""after considering the sufficiency and fitness of
sureties"" are added."
CRPC,112,Procedure in respect of person present in Court,BNSS,131,Procedure in respect of person present in Court,direct,131: No change.
CRPC,113,Summons or warrant in case of person not so present,BNSS,132,Summons or warrant in case of person not so present,direct,132: No change.
CRPC,114,Copy of order to accompany summons or warrant,BNSS,133,Copy of order to accompany summons or warrant,direct,133: No change.
CRPC,115,Power to dispense with personal attendance,BNSS,134,Power to dispense with personal attendance,direct,"134: ""pleader"" is replaced by ""advocate""."
CRPC,116,Inquiry as to truth of information,BNSS,135,Inquiry as to truth of information,direct,"135: The words ""with or without sureties"" are excluded ""or bail
bond"" is added."
CRPC,117,Order to give security,BNSS,136,Order to give security,direct,136: Ditto.
CRPC,118,Discharge of person informed against,BNSS,137,Discharge of person informed against,direct,137: No change.
CRPC,119,Commencement of period for which security is required,BNSS,138,Commencement of period for which security is required,direct,138: No change.
CRPC,120,Contents of bond,BNSS,139,Contents of bond,direct,"139: ""or bail bond"" is added."
CRPC,121,Power to reject sureties,BNSS,140,Power to reject sureties,direct,"140: ""bond"" is replaced by ""bail bond""."
CRPC,122,Imprisonment in default of security,BNSS,141,Imprisonment in default of security,direct,"141: The words ""with or without sureties"" and ""Assistant
Sessions Judge"" are excluded. ""or bail bond"" is added."
CRPC,123,Power to release persons imprisoned for failing to give security,BNSS,142,Power to release persons imprisoned for failing to give security,direct,142: No change.
CRPC,124,Security for unexpired period of bond,BNSS,143,Security for unexpired period of bond,direct,"143: ""or bail bond"" is added."
CRPC,125,"Order for maintenance of wives, children and parents",BNSS,144,"Order for maintenance of wives, children and parents",direct,"144: ""minor"" is replaced by ""child""."
CRPC,126,Procedure,BNSS,145,Procedure,direct,"145: In subsection (1), clause (d) is added. In subsection (2),
pleader is replaced by ""advocate""."
CRPC,127,Alteration in allowance,BNSS,146,Alteration in allowance,direct,146: No change.
CRPC,128,Enforcement of order of maintenance,BNSS,147,Enforcement of order of maintenance,direct,147: No change.
CRPC,129,Dispersal of assembly by use of civil force,BNSS,148,Dispersal of assembly by use of civil force,direct,148: No change.
CRPC,130,Use of armed forces to disperse assembly,BNSS,149,Use of armed forces to disperse assembly,direct,"149: In subsection (1), the words ""any such assembly"" are
replaced by ""any assembly referred to in sub-section (1) of
section 148,"" and ""Executive Magistrate of the highest
rank"" is replaced by ""District Magistrate or any other
Executive Magistrate authorised by him"". In Subsection 2,
""Magistrate"" is replaced by ""Executive Magistrate""."
CRPC,131,Power of certain armed force officers to disperse assembly,BNSS,150,Power of certain armed force officers to disperse assembly,direct,150: No change.
CRPC,132,Protection against prosecution for acts done under preceding sections,BNSS,151,"Protection against prosecution for acts done under sections 148, 149 and 150",direct,"151: The word ""military"" is replaced by ""army""."
CRPC,133,Conditional order for removal of nuisance,BNSS,152,Conditional order for removal of nuisance,direct,152: No change.
CRPC,134,Service or notification of order,BNSS,153,Service or notification of order,direct,153: No change.
CRPC,135,Person to whom order is addressed to obey or show cause,BNSS,154,Person to whom order is addressed to obey or show cause,direct,"154: In clause (b) the words ""and such appearance or hearing
may be permitted through audio-video conferencing."" are
added."
CRPC,136,Consequences of his failing to do so,BNSS,155,Penalty for failure to comply with section 154,direct,"155: ""such person"" is replaced by ""person against whom an order
is made under section 154 "" and BNS section replaces
corresponding IPC section."
CRPC,137,Procedure where existence of public right is denied,BNSS,156,Procedure where existence of public right is denied,direct,156: No change.
CRPC,138,Procedure where he appears to show cause,BNSS,157,Procedure where person against whom order is made under section 152 appears to show cause,direct,"157: New proviso regarding completion of proceedings is added
thereby a timeline is stipulated for the purpose."
CRPC,139,Power of Magistrate to direct local investigation and examination of an expert,BNSS,158,Power of Magistrate to direct local investigation and examination of an expert,direct,158: No change.
CRPC,140,"Power of Magistrate to furnish written instructions, etc",BNSS,159,"Power of Magistrate to furnish written instructions, etc",direct,159: No change.
CRPC,141,Procedure on order being made absolute and consequences of disobedience,BNSS,160,Procedure on order being made absolute and consequences of disobedience,direct,160: No change.
CRPC,142,Injunction pending inquiry,BNSS,161,Injunction pending inquiry,direct,161: No change.
CRPC,143,Magistrate may prohibit repetition or continuance of public nuisance,BNSS,162,Magistrate may prohibit repetition or continuance of public nuisance,direct,"162: The words ""or Deputy Commissioner of Police"" are added."
CRPC,144,Power to issue order in urgent cases of nuisance or apprehended danger,BNSS,163,Power to issue order in urgent cases of nuisance or apprehended danger,direct,163: No change.
CRPC,145,Procedure where dispute concerning land or water is likely to cause breach of peace,BNSS,164,Procedure where dispute concerning land or water is likely to cause breach of peace,direct,164: No change.
CRPC,146,Power to attach subject of dispute and to appoint receiver,BNSS,165,Power to attach subject of dispute and to appoint receiver,direct,165: No change.
CRPC,147,Dispute concerning right of use of land or water,BNSS,166,Dispute concerning right of use of land or water,direct,"166: In Explanation the words ""For the purposes of this sub-
section"" are added. The word ""pleader"" is replaced by
""advocate""."
CRPC,148,Local inquiry,BNSS,167,Local inquiry,direct,"167: The word ""pleader"" is replaced by ""advocate""."
CRPC,149,Police to prevent cognizable offences,BNSS,168,Police to prevent cognizable offences. Information of design to commit cognizable offences,direct,168: No change.
CRPC,150,Information of design to commit cognizable offences,BNSS,169,"Information of design to
commit cognizable offences.",direct,169: No change.
CRPC,151,Arrest to prevent the commission of cognizable offences,BNSS,170,Arrest to prevent commission of cognizable offences,direct,170: No change.
CRPC,152,Prevention of injury to public property,BNSS,171,Prevention of injury to public property,direct,171: No change.
CRPC,154,Information in cognizable cases,BNSS,173,Information in cognizable cases,direct,"173: By adding the words ""irrespective of the area where the
offence is committed"", the scope is expanded to lodge an
FIR. This corresponds to the concept of 'zero FIR'By
adding the word ""by electronic communication,"" thereby it
is made contemporary. Clause (ii) is added in subsection
(1); this is known as eFIR.Subsection (3) is newly added
regarding preliminary inquiry to ascertain whether there
exists a prima facie case and proceed for investigation on
the prima facie case for the cognizable offences which are
made punishable for three years or more but less than seven
years"".In subsection (4), the words ""failing which such
aggrieved person may make an application to the
Magistrate."" are added."
CRPC,155,Information as to non-cognizable cases and investigation of such cases,BNSS,174,Information as to non- cognizable cases and investigation of such cases,direct,"174: Clause (ii) in subsection (1) is added regarding forwarding
the daily diary report of non-cognizable cases fortnightly to
the Magistrate."
CRPC,156,Police officer's power to investigate cognizable cases,BNSS,175,Police officer's power to investigate cognizable case,direct,"175: A new proviso to subsection (1) is added. Sub-section (4) is
newly added to protect public servants in the course of
discharge of public duty against undue harassment, and
subsection (3) is also amended according to sub-section(4)
of section 173."
CRPC,157,Procedure for investigation,BNSS,176,Procedure for investigation,direct,"176: In clause (b) of subsection (1), audio-video electronic
means are added.
In subsection (2), the words, ""forward the daily diary report
fortnightly to the Magistrate"" are added.
Sub-section (3) is newly added, which stipulates forensic
experts visit the crime scene as mandatory for offences
punishable for seven years or more."
CRPC,158,Report how submitted,BNSS,177,Report how submitted,direct,177: No change.
CRPC,159,Power to hold investigation or preliminary inquiry,BNSS,178,Power to hold investigation or preliminary inquiry,direct,178: No change.
CRPC,160,Police Officer's power to require attendance of witnesses,BNSS,179,Police officer's power to require attendance of witnesses,direct,"179: In the first proviso, ""sixty-five years"" is replaced by ""sixty
years"" and the words ""or a person with acute illness"" are
added. One new proviso is added. Thus, the scope of the
provision is expanded."
CRPC,161,Examination of witnesses by police,BNSS,180,Examination of witnesses by police,direct,180: No change.
CRPC,162,Statements to police not to be signed: Use of statements in evidence,BNSS,181,Statements to police and use thereof,direct,"181: Heading of the section is changed. BSA sections replace
corresponding Indian Evidence Act sections."
CRPC,163,No inducement to be offered,BNSS,182,No inducement to be offered,direct,182: No change.
CRPC,164,Recording of confessions and statements,BNSS,183,Recording of confessions and statements,direct,"183: The newly added first proviso to Section 183(6)(a) provides
that statements are to be recorded by a woman Magistrate as
far as practicable.A newly added second proviso to Section
183(6)(a) provides for mandatory recording of a statement
of witness by Magistrate relating to the offences punishable
with imprisonment for ten years or more, imprisonment for
life, or with death.The fourth proviso to Section 183(6)(a)
provides for the recording of the statement of a temporarily
or permanently mentally or physically disabled person
through audio-video electronic means."
CRPC,164A,Medical examination of the victim of rape,BNSS,184,Medical examination of victim of rape,direct,"184: ""without delay"" is replaced by ""Within a period of seven
days"" for medical practitioner to forward the report to
Investigating officer."
CRPC,165,Search by police officer,BNSS,185,Search by police officer,direct,"185: A newly added Proviso to Section 185(2) mandates the
recoding of search conducted through audio video, or
electronic means. Subsection (5) of 185 of BNSS provides
that the copies of record made under SubsSection (1) or
(3) shall forthwith, but not later than 48 hours, be sent to
Magistrate."
CRPC,166,When officer in charge of police station may require another to issue search-warrant,BNSS,186,When officer in charge of police station may require another to issue search- warrant,direct,186: No change.
CRPC,167,Procedure when investigation cannot be completed in twenty-four hours,BNSS,187,Procedure when investigation cannot be completed in twenty-four hours,direct,"187: A new insertion into Subsection (2) of Section 187 of BNSS
provides that the Magistrate to whom an accused person is
forwarded under this section may, irrespective of whether
he has or has no jurisdiction to try the case, after taking into
consideration the status of the accused person as to whether
he is not released on bail or his bail has not been cancelled,
authorise, from time to time, the detention of the accused in
such custody as such Magistrate thinks fit, for a term not
exceeding fifteen days in the whole, or in parts, at any time
during the initial forty days or sixty days out of the"
CRPC,168,Report of investigation by subordinate police officer,BNSS,188,Report of investigation by subordinate police officer,direct,188: No change.
CRPC,169,Release of accused when evidence deficient,BNSS,189,Release of accused when evidence deficient,direct,"189: The words ""with or without sureties"" are excluded and ""or
bail bond"" are added."
CRPC,170,Cases to be sent to Magistrate when evidence is sufficient,BNSS,190,"Cases to be sent to Magistrate, when evidence is sufficient",direct,"190: New proviso is added to subsection (1) regarding taking
security from accused not in custody before the magistrate
and mandate the Magistrate to accept the same."
CRPC,171,Complainant and witnesses not to be required to accompany police officer and not to be subject to restraint,BNSS,191,Complainant and witnesses not to be required to accompany police officer and not to be subject to restraint,direct,191: No change.
CRPC,172,Diary of proceeding in investigation,BNSS,192,Diary of proceedings in investigation,direct,192: No change.
CRPC,173,Report of police officer on completion of investigation,BNSS,193,Report of police officer on completion of investigation,direct,"193: Section 193(2) extends this requirement to complete the
investigation within two months, offences under the
Provisions of Protection of Children from Sexual Offences
Act also [Sections 4, 6, 8, 10, and 12 of POCSO Act, 2012]
in addition to offences of rape and gang rape.
Section 193(3)(i) of the BNSS provides that reports to
Magistrate can also be forwarded through electronic
communication.
The newly inserted clause (i) of sub-section 193(3) (i) of
BNSS provides that the report shall also contain 'the
sequence of custody in the case of electronic devices'.
Clause 193(3)(ii) of BNSS provides that the police officer
shall, within 90 days, inform the progress of investigation
by any means including electronic communication to
informant or the victim.
Subsection (8) is newly inserted, which mandates the police
officer investigating the case to submit such number of
copies of police repo"
CRPC,174,"Police to inquire and report on suicide, etc",BNSS,194,"Police to enquire and report on suicide, etc",direct,"194: In subsection (2) ""forthwith"" is replaced by ""within twenty-
four hours"" for sending the report to DM and SDM. The
word ""man"" is replaced by ""person""."
CRPC,175,Power to summon persons,BNSS,195,Power to summon persons,direct,"195: Proviso to Subsection (1) of 195 provides immunity to male
persons under the age of fifteen years or above the age of
sixty years, or a woman or a mentally or physically disabled
persons or a person with acute illness shall not be required
to attend at place other than the place where such person
resides. However, they can attend at police station willingly."
CRPC,176,Inquiry by Magistrate into cause of death,BNSS,196,Inquiry by Magistrate into cause of death,direct,"196: The words ""Judicial Magistrate"" are replaced by
""Magistrate"", and Metropolitan Magistrate is excluded."
CRPC,177,Ordinary place of inquiry and trial,BNSS,197,Ordinary place of inquiry and trial,direct,197: No change.
CRPC,178,Place of inquiry or trial,BNSS,198,Place of inquiry or trial,direct,198: No change.
CRPC,179,Offence triable where act is done or consequence ensues,BNSS,199,Offence triable where act is done or consequence ensues,direct,199: No change.
CRPC,180,Place of trial where act is offence by reason of relation to other offence,BNSS,200,Place of trial where act is an offence by reason of relation to other offence,direct,200: No change.
CRPC,181,Place of trial in case of certain offences,BNSS,201,Place of trial in case of certain offences,direct,"201: The words ""of being a thug, or murder committed by a
thug"" are excluded as definition of Thug and punishment
being one are also excluded from the BNS."
CRPC,182,"Offences committed by letters, etc",BNSS,202,"Offences committed by means of electronic communications, letters, etc",direct,"202: The words ""electronic communications"" added. BNS
sections replace corresponding IPC sections."
CRPC,183,Offence committed on journey or voyage,BNSS,203,Offence committed on journey or voyage,direct,203: No change.
CRPC,184,Place of trial for offences triable together,BNSS,204,Place of trial for offences triable together,direct,204: No change.
CRPC,185,Power to order cases to be tried in different sessions divisions,BNSS,205,Power to order cases to be tried in different sessions divisions,direct,205: No change.
CRPC,186,"High Court to decide, in case of doubt, district where inquiry or trial shall take place",BNSS,206,"High Court to decide, in case of doubt, district where inquiry or trial shall take place",direct,206: No change.
CRPC,187,Power to issue summons or warrant for offence committed beyond local jurisdiction,BNSS,207,Power to issue summons or warrant for offence committed beyond local jurisdiction,direct,"207: The words ""with or without sureties"" are replaced by ""or
bail bond""."
CRPC,188,Offence committed outside India,BNSS,208,Offence committed outside India,direct,"208: The words ""or where the offence is registered in India"" are
added."
CRPC,189,Receipt of evidence relating to offences committed outside India,BNSS,209,Receipt of evidence relating to offences committed outside India,direct,"209: The words ""either in physical form or in electronic form""
are added."
CRPC,190,Cognizance of offences by Magistrates,BNSS,210,Cognizance of offences by Magistrate,direct,"210: The words ""including any complaint filed by a person
authorised under any special law"" and ""submitted in any
mode including electronic mode "" are added in clause (a )
and (b ) of subsection (1)."
CRPC,191,Transfer on application of the accused,BNSS,211,Transfer on application of accused,direct,211: No change.
CRPC,192,Making over of cases to Magistrates,BNSS,212,Making over of cases to Magistrates,direct,212: No change.
CRPC,193,Cognizance of offences by Courts of Session,BNSS,213,Cognizance of offences by Court of Session,direct,213: No change.
CRPC,194,Additional and Assistant Sessions Judges to try cases made over to them,BNSS,214,Additional Sessions Judges to try cases made over to them,direct,"214: No change except words ""or Assistant sessions Judge"" are
excluded."
CRPC,195,"Prosecution for contempt of lawful authority of public servants, for offences against public justice and for offences relating to documents given in evidence",BNSS,215,"Prosecution for contempt of lawful authority of public servants, for offences against public justice and for offences relating to documents given in evidence",direct,"215: BNS sections replace corresponding IPC sections.
The words ""or of some other public servant who is
authorised by the concerned public servant so to do"" are
added."
CRPC,195A,"Procedure for witnesses in case of threatening, etc",BNSS,216,"Procedure for witnesses in case of threatening, etc",direct,216: No change.
CRPC,196,Prosecution for offences against the State and for criminal conspiracy to commit such offence,BNSS,217,Prosecution for offences against State and for criminal conspiracy to commit such offence,direct,217: Ditto.
CRPC,197,Prosecution of Judges and public servants,BNSS,218,Prosecution of Judges and public servants,direct,"218: The BNS sections replace the corresponding IPC sections.
A second proviso to 218(1)(b) is added, which provides that
such Government shall take a decision within a period of
one hundred and twenty days from the date of receipt of the
request for sanction, and in case it fails to do so, the
sanction shall be deemed to have been accorded by such
Government. This will curb the tendency to help an accused
p ublic servant by such delay tactics."
CRPC,198,Prosecution for offences against marriage,BNSS,219,Prosecution for offences against marriage,direct,"219: The Word ""child"" replaces ""minor"" and ""child"" also
replaces ""person under the age of 18 years"", ""is an idiot, or
a lunatic"" is replaced by ""is of unsound mind or is having
intellectual disability requiring higher support needs""."
CRPC,198A,Prosecution of offences under section 498A of the Indian Penal Code,BNSS,220,"Prosecution of offences under section 85 of Bharatiya Nyaya Sanhita, 2023",direct,220: No change.
CRPC,198B,Cognizance of offence1,BNSS,221,Cognizance of offence,direct,221: No change.
CRPC,199,Prosecution for defamation,BNSS,222,Prosecution for defamation,direct,"222: BNS Chapters and sections replace corresponding IPC
Chapters and sections.
""child"" replaces ""under the age of eighteen years "" or is of
unsound mind replaces ""or is having intellectual disability
or is an idiot or a lunatic""."
CRPC,200,Examination of complainant,BNSS,223,Examination of complainant,direct,"223: The newly added first proviso to Section 223(1) provides
that no cognizance of an offence shall be taken by the
Magistrate without giving the accused an opportunity of
being heard.
A new sub-section (2) of Section 223 provides that a
Magistrate shall not take cognizance on a complaint against
a public servant for any offence alleged to have been
committed in the course of the discharge of his official
functions or duties unless—(a) such public servant is given
an opportunity to make assertions as to the situation that led
to the incident so alleged; and
(b) a report containing facts and circumstances of the
incident from the officer superior to such a public servant is
r eceived."
CRPC,201,Procedure by Magistrate not competent to take cognizance of the case,BNSS,224,Procedure by Magistrate not competent to take cognizance of case,direct,224: No change.
CRPC,202,Postponement of issue of process,BNSS,225,Postponement of issue of process,direct,225: No change.
CRPC,203,Dismissal of complaint,BNSS,226,Dismissal of complaint,direct,226: No change.
CRPC,204,Issue of process,BNSS,227,Issue of process,direct,"227: The new proviso to sub-section (1) of Section 227 provides
that summons or warrant may also be issued through
electronic means."
CRPC,205,Magistrate may dispense with personal attendance of accused,BNSS,228,Magistrate may dispense with personal attendance of accused,direct,"228: ""pleader"" is replaced by ""advocate""."
CRPC,206,Special summons in cases of petty offence,BNSS,229,Special summons in cases of petty offence,direct,"229: ""pleader"" is replaced by ""advocate."" The threshold amount
of fine for the purpose of the definition of ""petty offence"" is
increased by this section from one thousand rupees to five
thousand rupees. The monetary limit of the fine specified in
summons is increased from one thousand rupees to five
thousand rupees.
""the Motor Vehicles Act, 1939 (59 of 1939)"" is replaced by
""the Motor Vehicles Act, 1988 (59 of 1988).""."
CRPC,207,Supply to the accused of copy of police report and other documents,BNSS,230,Supply to accused of copy of police report and other documents,direct,"230: This section states that the documents are to be supplied
free of cost to the accused without any delay, and in no case
beyond 14 days from the date of production or appearance
of the accused, and should also be provided to the victim if
represented by an advocate. The last proviso states that the
supply of documents in electronic form shall be considered
as duly furnished."
CRPC,208,Supply of copies of statements and documents to accused in other cases triable by Court of Session,BNSS,231,Supply of copies of statements and documents to accused in other cases triable by Court of Session,direct,"231: Last proviso states that supply of documents to accused in
electronic form shall be considered as duly furnished.
""pleader"" is replaced by ""advocate""."
CRPC,209,Commitment of case to Court of Session when offence is triable exclusively by it,BNSS,232,Commitment of case to Court of Session when offence is triable exclusively by it,direct,"232: Two new provisos are added herein. By first proviso
proceedings have been made time-bound. The proceedings
under this section shall be completed within a period of
ninety days from the date of taking cognizance, and such
period may be extended, by the Magistrate for a period not
exceeding one hundred eighty days for the reasons to be
recorded in writing.
Second proviso states that any application filed before the
Magistrate by the accused or the victim or any person
authorised by such person in a case triable by Court of
Session, shall be forwarded to the Court of Session with the
committal of the case."
CRPC,210,Procedure to be followed when there is a complaint case and police investigation in respect of the same offence,BNSS,233,Procedure to be followed when there is a complaint case and police investigation in respect of same offence,direct,233: No change.
CRPC,211,Contents of charge,BNSS,234,Contents of charge,direct,234: No change.
CRPC,212,"Particulars as to time, place and person",BNSS,235,"Particulars as to time, place and person",direct,235: No change.
CRPC,213,When manner of committing offence must be stated,BNSS,236,When manner of committing offence must be stated,direct,236: No change.
CRPC,214,Words in charge taken in sense of law under which offence is punishable,BNSS,237,Words in charge taken in sense of law under which offence is punishable,direct,237: No change.
CRPC,215,Effect of errors,BNSS,238,Effect of errors,direct,238: No change.
CRPC,216,Court may alter charge,BNSS,239,Court may alter charge,direct,239: No change.
CRPC,217,Recall of witnesses when charge altered,BNSS,240,Recall of witnesses when charge altered,direct,240: No change.
CRPC,218,Separate charges for distinct offences,BNSS,241,Separate charges for distinct offences,direct,241: No change.
CRPC,219,Three offences of same kind within year may be charged together,BNSS,242,Offences of same kind within year may be charged together,direct,242: No change.
CRPC,220,Trial for more than one offence,BNSS,243,Trial for more than one offence,direct,"243: Subsection 243(1) reorganises illustrations (b) and (c) given
in CrPC, citing ""adultery"" and ""enticing away,"" which are
r eplaced by ""rape"" in the rephrased illustration (b) herein."
CRPC,221,Where it is doubtful what offence has been committed,BNSS,244,Where it is doubtful what offence has been committed,direct,244: No change.
CRPC,222,When offence proved included in offence charged,BNSS,245,When offence proved included in offence charged,direct,245: No change.
CRPC,223,What persons may be charged jointly,BNSS,246,What persons may be charged jointly,direct,246: No change.
CRPC,224,Withdrawal of remaining charges on conviction on one of several charges,BNSS,247,Withdrawal of remaining charges on conviction on one of several charges,direct,247: No change.
CRPC,225,Trial to be conducted by Public Prosecutor,BNSS,248,Trial to be conducted by Public Prosecutor,direct,248: No change.
CRPC,226,Opening case for prosecution,BNSS,249,Opening case for prosecution,direct,"249: The words ""or under any other law for the time being in
force"" are added."
CRPC,227,Discharge,BNSS,250,Discharge,direct,"250: New subsection (1) provides that the accused may prefer an
application for discharge within a period of sixty days from
the date of commencement of the case under Section 232."
CRPC,228,Framing of charge,BNSS,251,Framing of charge,direct,"251: The time limit for framing the charge is added as being
within a period of sixty days from the date of first hearing.
This section also allows charges to be read and explained, to
the accused ""present either physically or through audio-
video electronic means."""
CRPC,229,Conviction on plea of guilty,BNSS,252,Conviction on plea of guilty,direct,252: No change.
CRPC,230,Date for prosecution evidence,BNSS,253,Date for prosecution evidence,direct,253: No change.
CRPC,231,Evidence for prosecution,BNSS,254,Evidence for prosecution,direct,"254: Newly added proviso to section 254 of BNSS provides that
evidence of a witness may be recorded by audio-video
electronic means.
Newly added subsection (2) provides that the deposition of
evidence of any police officer or public servant may be
taken through audio-video electronic means."
CRPC,232,Acquittal,BNSS,255,Acquittal,direct,255: No change.
CRPC,233,Entering upon defence,BNSS,256,Entering upon defence,direct,256: No change.
CRPC,234,Arguments,BNSS,257,Arguments,direct,"257: ""pleader"" is replaced by ""advocate""."
CRPC,235,Judgment of acquittal or conviction,BNSS,258,Judgment of acquittal or conviction,direct,"258: New addition to subsection (1) for time bound disposal-
After hearing arguments and points of law (if any), the
Judge shall give a judgement in the case, ""as soon as
possible, within a period of thirty days from the date of
completion of arguments, which may be extended, to a
period of fortyfive days for reasons to be recorded in
writing""."
CRPC,236,Previous conviction,BNSS,259,Previous conviction,direct,259: No change.
CRPC,237,Procedure in cases instituted under section 199(2),BNSS,260,Procedure in cases instituted under sub-section (2) of section 222,direct,"260: Upper limit of compensation amount increased from one
thousand rupees to five thousand rupees in sub-section (4)."
CRPC,238,Compliance with section 207,BNSS,261,Compliance with section 230,direct,261: No change.
CRPC,239,When accused shall be discharged,BNSS,262,When accused shall be discharged,direct,"262: New subsection 262(1) provides the time limit of
application for discharge by accused as ""within a period of
sixty days from the date of supply of copies of document
under section 230"". Examination of accused through audio-
video electronic means can be done as added in sub-section
(2)."
CRPC,240,Framing of charge,BNSS,263,Framing of charge,direct,"263: Time limit for framing of charge against the accused is
added within a period of sixty days from the date of first
hearing on charge."
CRPC,241,Conviction on plea of guilty,BNSS,264,Conviction on plea of guilty,direct,264: No change.
CRPC,242,Evidence for prosecution,BNSS,265,Evidence for prosecution,direct,"265: The new proviso to subsection 265(3) of the BNSS states
that evidence of a witness may be recorded by audio-video"
CRPC,243,Evidence for defence,BNSS,266,Evidence for defence,direct,"266: New second proviso to Section 266(2) provides that the
examination of witnesses may be done by audio-video
electronic means at the designated place to be notified by
t he State Government."
CRPC,244,Evidence for prosecution,BNSS,267,Evidence for prosecution,direct,267: No change.
CRPC,245,When accused shall be discharged,BNSS,268,When accused shall be discharged,direct,268: No change.
CRPC,246,Procedure where accused is not discharged,BNSS,269,Procedure where accused is not discharged,direct,"269: The newly added subsection (7) provides that if the
attendance of the prosecution witnesses under sub-sections
(5) and (6) cannot be secured for cross-examination, it shall
be deemed that such witness has not been examined for not
b eing available and Magistrate proceed further."
CRPC,247,Evidence for defence,BNSS,270,Evidence for defence,direct,270: No change.
CRPC,248,Acquittal or conviction,BNSS,271,Acquittal or conviction,direct,271: No change.
CRPC,249,Absence of complainant,BNSS,272,Absence of complainant,direct,"272: It is added that the Magistrate may ""after giving thirty days'
time to the complainant to be present before proceeding
further."
CRPC,250,Compensation for accusation without reasonable cause,BNSS,273,Compensation for accusation without reasonable cause,direct,"273: BNS Sections replace corresponding IPC sections.
Compensation amount under sub-section (6) increased from
""one hundred rupees"" to ""two thousand rupees""."
CRPC,251,Substance of accusation to be stated,BNSS,274,Substance of accusation to be stated,direct,"274: The new proviso to Section 274 provides that if the
Magistrate considers the accusation groundless, he shall,
after recording reasons in writing, release the accused, and
s uch release shall have the effect of discharge."
CRPC,252,Conviction on plea of guilty,BNSS,275,Conviction on plea of guilty,direct,275: No change.
CRPC,253,Conviction on plea of guilty in absence of accused in petty cases,BNSS,276,Conviction on plea of guilty in absence of accused in petty cases,direct,"276: ""pleader"" is replaced by ""advocate""."
CRPC,254,Procedure when not convicted,BNSS,277,Procedure when not convicted,direct,277: No change.
CRPC,255,Acquittal or conviction,BNSS,278,Acquittal or conviction,direct,278: No change.
CRPC,256,Non-appearance or death of complainant,BNSS,279,Non-appearance or death of complainant,direct,"279: The words ""after giving thirty days' time to the complainant
to be present"" are added.
""pleader"" is replaced by ""advocate""."
CRPC,257,Withdrawal of complaint,BNSS,280,Withdrawal of complaint,direct,280: No change.
CRPC,258,Power to stop proceedings in certain cases,BNSS,281,Power to stop proceedings in certain cases,direct,281: No change.
CRPC,259,Power of Court to convert summons-cases into warrant cases,BNSS,282,Power of Court to convert summons- cases into warrant-cases,direct,282: No change.
CRPC,260,Power to try summarily,BNSS,283,Power to try summarily,direct,"283: BNS sections replace Corresponding IPC sections. Sub
section (2) is newly added with a proviso to it for trial of
offences punishable with three or less than three years in a
summary way. Provided that no appeal shall lie against the
decision of a Magistrate to try a case in a summary way
under this sub-section."
CRPC,261,Summary trial by Magistrate of the second class,BNSS,284,Summary trial by Magistrate of second class,direct,284: No change.
CRPC,262,Procedure for summary trials,BNSS,285,Procedure for summary trials,direct,285: No change.
CRPC,263,Record in summary trials,BNSS,286,Record in summary trials,direct,286: No change.
CRPC,264,Judgment in cases tried summarily,BNSS,287,Judgment in cases tried summarily,direct,287: No change.
CRPC,265,Language of record and judgment,BNSS,288,Language of record and judgment,split,288: No change.
CRPC,265A,Application of the Chapter,BNSS,289,Application of Chapter,direct,"289: ""Below the age of fourteen years"" excluded from 289(1)(b),
thereby expanding the scope."
CRPC,265B,Application for plea bargaining,BNSS,290,Application for plea bargaining,direct,"290: Time limit for plea bargaining ""within a period of thirty
days from the date of framing of charge"" is added in
subsection (1).
290 (4) (a) ""not exceeding sixty days"" is added, regarding
accused to work out a mutually satisfactory disposition of
the case"". The words ""as the case may be"" excluded."
CRPC,265C,Guidelines for mutually satisfactory disposition,BNSS,291,Guidelines for mutually satisfactory disposition,direct,"291: ""pleader"" is replaced by ""advocate""."
CRPC,265D,Report of the mutually satisfactory disposition to be submitted before the Court,BNSS,292,Report of mutually satisfactory disposition to be submitted before Court,direct,292: No change.
CRPC,265E,Disposal of the case,BNSS,293,Disposal of case,direct,"293: Section 293 clauses (c ) and (d) make changes to require
the court to show leniency towards first -time offenders who
opt for plea bargaining. They may be sentenced to one
fourth of minimum punishment instead of half and one-
nineth instead of one-fourth respectively."
CRPC,265F,Judgment of the Court,BNSS,294,Judgment of Court,direct,294: No change.
CRPC,265G,Finality of the judgment,BNSS,295,Finality of judgment,direct,295: No change.
CRPC,265H,Power of the Court in plea bargaining,BNSS,296,Power of Court in plea bargaining,direct,296: No change.
CRPC,265,Language of record and judgment,BNSS,297,Period of detention undergone by accused to be set off against sentence of imprisonment,split,297: No change.
CRPC,265J,Savings,BNSS,298,Savings,direct,298: No change.
CRPC,265K,Statements of accused not to be used,BNSS,299,Statements of accused not to be used,direct,299: No change.
CRPC,265L,Non-application of the Chapter,BNSS,300,Non- application of Chapter,direct,300: No change.
CRPC,266,Definitions,BNSS,301,Definitions,direct,301: No change.
CRPC,267,Power to require attendance of prisoners,BNSS,302,Power to require attendance of prisoners,direct,"302: The words ""as the case may be"" are excluded."
CRPC,268,Power of State Government to exclude certain persons from operation of section 267,BNSS,303,Power of State Government or Central Government to exclude certain persons from operation of section 302,direct,"303: ""or Central Government"" is added in the heading and other
places. ""the Central Government in the cases instituted by
its central agency, as the case may be"" are added in
subsection (2)."
CRPC,269,Officer in charge of prison to abstain from carrying out order in certain contingencies,BNSS,304,Officer in charge of prison to abstain from carrying out order in certain contingencies,direct,304: No change.
CRPC,270,Prisoner to be brought to Court in custody,BNSS,305,Prisoner to be brought to Court in custody,direct,305: No change.
CRPC,271,Power to issue commission for examination of witness in prison,BNSS,306,Power to issue commission for examination of witness in prison,direct,306: No change.
CRPC,272,Language of Courts,BNSS,307,Language of Courts,direct,307: No change.
CRPC,273,Evidence to be taken in presence of accused,BNSS,308,Evidence to be taken in presence of accused,direct,"308: The words ""through audio-video electronic means at the
designated place to be notified by the State Government""
are added."
CRPC,274,Record in summons-cases and inquiries,BNSS,309,Record in summons- cases and inquiries,direct,309: No change.
CRPC,275,Record in warrant-cases,BNSS,310,Record in warrant-cases,direct,310: No change.
CRPC,276,Record in trial before Court of Session,BNSS,311,Record in trial before Court of Session,direct,311: No change.
CRPC,277,Language of record of evidence,BNSS,312,Language of record of evidence,direct,312: No change.
CRPC,278,Procedure in regard to such evidence when completed,BNSS,313,Procedure in regard to such evidence when completed,direct,"313: The word ""pleader"" is replaced by ""advocate"" in heading
and other places."
CRPC,279,Interpretation of evidence to accused or his pleader,BNSS,314,Interpretation of evidence to accused or his advocate,direct,314: Ditto.
CRPC,280,Remarks respecting demeanour of witness,BNSS,315,Remarks respecting demeanour of witness,direct,315: No change.
CRPC,281,Record of examination of accused,BNSS,316,Record of examination of accused,direct,"316: ""a Metropolitan Magistrate"" is replaced by ""any Magistrate,
or by a Court of Session,"" and sub-sections related to a
metropolitan Magistrate are excluded. A new proviso is
added to 316 (4) ""where the accused is in custody and is
examined through electronic communication, his signature
shall be taken within seventy-two hours of such
e xamination."""
CRPC,282,Interpreter to be bound to interpret truthfully,BNSS,317,Interpreter to be bound to interpret truthfully,direct,317: No change.
CRPC,283,Record in High Court,BNSS,318,Record in High Court,direct,318: No change.
CRPC,284,When attendance of witness may be dispensed with and commission issued,BNSS,319,When attendance of witness may be dispensed with and commission issued,direct,"319: ""pleader"" is replaced by ""advocate""."
CRPC,285,Commission to whom to be issued,BNSS,320,Commission to whom to be issued,direct,"320: ""Chief Metropolitan Magistrate"" excluded."
CRPC,286,Execution of commissions,BNSS,321,Execution of commissions,direct,"321: ""Chief Metropolitan Magistrate or Chief Judicial
Magistrate, or such Metropolitan or Judicial Magistrate"" is
replaced by ""Chief Judicial Magistrate or such Magistrate""."
CRPC,287,Parties may examine witnesses,BNSS,322,Parties may examine witnesses,direct,"322: The word ""pleader"" is replaced by ""advocate"". ""as the case
may be"" excluded."
CRPC,288,Return of commission,BNSS,323,of,direct,"323: BSA sections replace corresponding Indian Evidence Act
sections."
CRPC,289,Adjournment of proceeding,BNSS,324,Adjournment of proceeding,direct,324: No change.
CRPC,290,Execution of foreign commissions,BNSS,325,Execution of foreign commissions,direct,325: No change.
CRPC,291,Deposition of medical witness,BNSS,326,Deposition of medical witness,direct,326: No change.
CRPC,291A,Identification report of Magistrate,BNSS,327,Identification report of Magistrate,direct,"327: BSA sections replace corresponding Indian Evidence Act
sections."
CRPC,292,Evidence of officers of the Mint,BNSS,328,Evidence of officers of Mint,direct,"328: BSA sections replace corresponding Indian Evidence Act
sections. ""any such"", ""of the mint officer"" and ""as the case
may be"" are excluded."
CRPC,293,Reports of certain Government scientific experts,BNSS,329,Reports of certain Government scientific experts,direct,"329: In 329(4) (g) the words ""State Government or, and or
certified ""are added and, ""Government"" excluded."
CRPC,294,No formal proof of certain documents,BNSS,330,No formal proof of certain documents,direct,"330: Two new provisos are added. Time limit of thirty days for
acceptance or denial of the genuineness of the document,
provided the Court may relax the time limit as stated in the
first proviso. And the second proviso states that experts
should be called only if he is disputed by any parties during
the trial. The words ""may be prescribed by the State
Government"" is replaced by ""the State Government may, by
rules, provide"""
CRPC,295,Affidavit in proof of conduct of public servants,BNSS,331,Affidavit in proof of conduct of public servants,direct,331: No change.
CRPC,296,Evidence of formal character on affidavit,BNSS,332,Evidence of formal character on affidavit,direct,332: No change.
CRPC,297,Authorities before whom affidavits may be sworn,BNSS,333,Authorities before whom affidavits may be sworn,direct,333: No change.
CRPC,298,Previous conviction of acquittal how proved,BNSS,334,Previous conviction or acquittal how proved,direct,334: No change.
CRPC,299,Record of evidence in absence of accused,BNSS,335,Record of evidence in absence of accused,direct,335: No change.
CRPC,300,Person once convicted or acquitted not to be tried for same offence,BNSS,337,Person once convicted or acquitted not to be tried for same offence,direct,337: No change.
CRPC,301,Appearance by public prosecutors,BNSS,338,Appearance by Public Prosecutors,direct,"338: ""Pleader"" is replaced by ""Advocate""."
CRPC,302,Permission to conduct prosecution,BNSS,339,Permission to conduct prosecution,direct,339: Ditto.
CRPC,303,Right of person against whom proceedings are instituted to be defended,BNSS,340,Right of person against whom proceedings are instituted to be defended,direct,340: Ditto.
CRPC,304,Legal aid to accused at State expense in certain cases,BNSS,341,Legal aid to accused at State expense in certain cases,direct,341: Ditto.
CRPC,305,Procedure when corporation or registered society is an accused,BNSS,342,Procedure when corporation or registered society is an accused,direct,"342: The words ""duly authorised by him"" are added in subsection
(5)."
CRPC,306,Tender of pardon to accomplish,BNSS,343,Tender of pardon to accomplice,direct,"343: ""or a Metropolitan magistrate"" excluded and ""the criminal
law amendment Act 1952"" replaced by ""any other law for
the time being in force""."
CRPC,307,Power to direct tender of pardon,BNSS,344,Power to direct tender of pardon,direct,344: No change.
CRPC,308,Trial of person not complying with conditions of pardon,BNSS,345,Trial of person not complying with conditions of pardon,direct,345: No change.
CRPC,309,Power to postpone or adjourn proceedings,BNSS,346,Power to postpone or adjourn proceedings,direct,346: The BNS sections replace the corresponding IPC sections.
CRPC,310,Local inspection,BNSS,347,Local inspection,direct,347: No change.
CRPC,311,"Power to summon material witness, or examine person present",BNSS,348,"Power to summon material witness, or examine person present",direct,348: No change.
CRPC,311A,Power of Magistrate to order person to give specimen signature or handwriting,BNSS,349,"Power of Magistrate to order person to give specimen signatures or handwriting, etc",direct,"349: The words ""or finger impressions"" and ""or voice sample""
are added. One new proviso added which provides that the
Magistrate may, for reasons to be recorded in writing, order
any person to give such a specimen or sample without him
b eing arrested."
CRPC,312,Expenses of Complaints and Witnesses,BNSS,350,Expenses of complainants and witnesses,direct,350: No change.
CRPC,313,Power to examine the accused,BNSS,351,Power to examine accused,direct,351: No change.
CRPC,314,Oral arguments and memorandum of arguments,BNSS,352,Oral arguments and memorandum of arguments,direct,352: No change.
CRPC,315,Accused person to be competent witness,BNSS,353,Accused person to be competent witness,direct,353: No change.
CRPC,316,No influence to be used to induce disclosure,BNSS,354,No influence to be used to induce disclosure,direct,354: No change.
CRPC,317,Provision for inquiries and trial being held in the absence of accused in certain cases,BNSS,355,Provision for inquiries and trial being held in absence of accused in certain cases,direct,"355: ""pleader"" is replaced by ""advocate"". A new explanation is
added –""For the purpose of this section, personal attendance
of the accused includes attendance through audio-video
electronic means""."
CRPC,318,Procedure where accused does not understand proceedings,BNSS,357,Procedure where accused does not understand proceedings,direct,357: No change.
CRPC,319,Power to proceed against other persons appearing to be guilty of offence,BNSS,358,Power to proceed against other persons appearing to be guilty of offence,direct,358: No change.
CRPC,320,Compounding of offences,BNSS,359,Compounding of offences,direct,"359: In the table of compoundable offences, the corresponding
IPC sections are replaced by BNS sections. Section 497 IPC
is excluded as it is not included in BNS. The rest remains
s ame."
CRPC,321,Withdrawal from prosecution,BNSS,360,Withdrawal from prosecution,direct,"360: ""by the Delhi Special Police Establishment under the Delhi
Special Establishment Act 1946 (25 of 1946)"" is replaced
by ""under any Central Act,"" and a new proviso is added
which provides further that no Court shall allow such
withdrawal without giving an opportunity of being heard to
t he victim in the case."
CRPC,322,Procedure in cases which Magistrate cannot dispose of,BNSS,361,Procedure in cases which Magistrate cannot dispose of,direct,361: No change.
CRPC,323,"Procedure when, after commencement of inquiry or trial, Magistrate finds case should be committed",BNSS,362,"Procedure when after commencement of inquiry or trial, Magistrate finds case should be committed",direct,362: No change.
CRPC,324,"Trial of persons previously convicted of offences against coinage, stamp law or property",BNSS,363,"Trial of persons previously convicted of offences against coinage, stamp-law or property",direct,363: No change.
CRPC,325,Procedure when Magistrate can not pass sentence sufficiently severe,BNSS,364,Procedure when Magistrate cannot pass sentence sufficiently severe,direct,364: No change.
CRPC,326,Conviction or commitment on evidence partly recorded by one Magistrate and partly by another,BNSS,365,Conviction or commitment on evidence partly recorded by one Magistrate and partly by another,direct,365: No change.
CRPC,327,Court to be open,BNSS,366,Court to be open,direct,366: No change.
CRPC,328,Procedure in case of accused being lunatic,BNSS,367,Procedure in case of accused being person of unsound mind,direct,"367: ""person of unsound mine"" in the heading replaces ""lunatic""
Subsection (2) specifies about psychologist to be ""of
Government hospital or Government medical college"" and
""mental retardation"" is replaced by ""intellectual disability""."
CRPC,329,Procedure in case of person of unsound mind tried before Court,BNSS,368,Procedure in case of person of unsound mind tried before Court,direct,"368: Nearest medical college is now specified as Government
medical college.
""mental retardation"" is replaced by ""intellectual disability""."
CRPC,330,Release of person of unsound mind pending investigation or trial,BNSS,369,Release of person of unsound mind pending investigation or trial,direct,"369: ""mental retardation"" is replaced by ""intellectual disability""
and ""public mental health establishment"" replaces ""lunatic
asylum""."
CRPC,331,Resumption of inquiry or trial,BNSS,370,Resumption of inquiry or trial,direct,370: No change.
CRPC,332,Procedure on accused appearing before Magistrate or Court,BNSS,371,Procedure on accused appearing before Magistrate or Court,direct,371: No change.
CRPC,333,When accused appears to have been of sound mind,BNSS,372,When accused appears to have been of sound mind,direct,372: No change.
CRPC,334,Judgment of acquittal on ground of unsoundness of mind,BNSS,373,Judgment of acquittal on ground of unsoundness of mind,direct,373: No change.
CRPC,335,Person acquitted on such ground to be detained in safe custody,BNSS,374,Person acquitted on ground of unsoundness of mind to be detained in safe custody,direct,"374: ""public mental health establishment"" replaces ""lunatic
asylum"", and ""Mental Health care Act, 2017(10 of 2017""
replaces ""Indian LunacyAct,1912 (4 of 1912)""."
CRPC,336,Power of State Government to empower officer in charge to discharge,BNSS,375,Power of State Government to empower officer in charge to discharge,direct,375: No change.
CRPC,337,Procedure where lunatic prisoner is reported capable of making his defence,BNSS,376,Procedure where prisoner of unsound mind is reported capable of making his defence,direct,"376: ""person of unsound mind"" replaces ""lunatic"", ""lunatic
asylum, the visitors of such asylum or any two of them,"" is
replaced by ""public mental health establishment, the Mental
Health Review Board constituted under the Mental Health
care Act, 2017(10 of 2017) ""."
CRPC,338,Procedure where lunatic detained is declared fit to be released,BNSS,377,Procedure where person of unsound mind detained is declared fit to be released,direct,"377: The words ""person of unsound mind"" replace ""lunatic"" in
the heading. ""public mental health establishment"" replaces
""lunatic asylum""."
CRPC,339,Delivery of lunatic to care of relative or friend,BNSS,378,Delivery of person of unsound mind to care of relative or friend,direct,"378: The words ""person of unsound mind"" replace ""lunatic"" in
the heading."
CRPC,340,Procedure in cases mentioned in section 195,BNSS,379,Procedure in cases mentioned in section 215,direct,379: No change.
CRPC,341,Appeal,BNSS,380,Appeal,direct,380: No change.
CRPC,342,Power to order Court,BNSS,381,Power to order costs,direct,381: No change.
CRPC,343,Procedure of Magistrate taking cognizance,BNSS,382,Procedure of Magistrate taking cognizance,direct,382: No change.
CRPC,344,Summary procedure for trial for giving false evidence,BNSS,383,Summary procedure for trial for giving false evidence,direct,"383: The fine increased to ""one thousand rupees"" from ""five
h undred rupees""."
CRPC,345,Procedure in certain cases of contempt,BNSS,384,Procedure in certain cases of contempt,direct,"384: BNS sections replace IPC Sections. Fine increased to ""one
thousand rupees"" from ""two hundred rupees""."
CRPC,346,Procedure where Court considers that case should not be dealt with under section 345,BNSS,385,Procedure where Court considers that case should not be dealt with under section 384,direct,385: No change.
CRPC,347,When Registrar or Sub-Registrar to be deemed a Civil Court,BNSS,386,When Registrar or Sub-Registrar to be deemed a Civil Court,direct,386: No change.
CRPC,348,Discharge of offender on submission of apology,BNSS,387,Discharge of offender on submission of apology,direct,387: No change.
CRPC,349,Imprisonment or committal of person refusing to answer or produce document,BNSS,388,Imprisonment or committal of person refusing to answer or produce document,direct,388: No change.
CRPC,350,Summary procedure for punishment for non-attendance by a witness in obedience to summons,BNSS,389,Summary procedure for punishment for non- attendance by a witness in obedience to summons,direct,"389: The fine increased to ""five hundred rupees"" from "" One
hundred rupees""."
CRPC,351,"Appeals from convictions under sections 344, 345, 349 and 350",BNSS,390,"Appeals from convictions under sections 383, 384, 388 and 389",direct,390: No change.
CRPC,352,Certain Judges and Magistrates not to try certain offences when committed before themselves,BNSS,391,Certain Judges and Magistrates not to try certain offences when committed before themselves,direct,391: No change.
CRPC,353,Judgment,BNSS,392,Judgment,direct,"392: ""pleaders"" is replaced by ""advocates."" A new proviso is
added to subsection (4), which provides that the Court shall,
as far as practicable, upload a copy of the judgement on its
portal within a period of seven days from the date of
judgement.
And the words ""either in person or through audio-video
e lectronic means"". are added in subsection (5)."
CRPC,354,Language and contents of judgment,BNSS,393,Language and contents of judgment,direct,393: No change.
CRPC,356,Order for notifying address of previously convicted offender,BNSS,394,Order for notifying address of previously convicted offender,direct,394: Reframing of phrases without any change in essence.
CRPC,357,Order to pay compensation,BNSS,395,Order to pay compensation,direct,395: No change.
CRPC,357A,Victim compensation scheme,BNSS,396,Victim compensation scheme,merged,396: No change.
CRPC,357B,Compensation to be in addition to fine under Section 326A or Section 376D of Indian Penal Code1,BNSS,396,Victim compensation scheme,merged,396: No change.
CRPC,357C,Treatment of victims1,BNSS,397,Treatment of victims,direct,"397: BNS sections replace corresponding IPC sections. ""under
sections 4, 6, 8 or section 10 of the Protection of Children
from Sexual Offences Act, 2012 "" is added."
CRPC,358,Compensation to persons groundlessly arrested,BNSS,399,Compensation to persons groundlessly arrested,direct,399: No change.
CRPC,359,Order to pay costs in non-cognizable cases,BNSS,400,Order to pay costs in non- cognizable cases,direct,"400: ""pleader"" is replaced by ""advocate""."
CRPC,360,Order to release on probation of good conduct or after admonition,BNSS,401,Order to release on probation of good conduct or after admonition,direct,"401: The words ""with or without sureties"" are excluded ""or bail
bond"" are added. 'the Children Act 1960 (60 of 1960)"" is
replaced by ""The Juvenile Justice (Care and Protection of
Children) Act, 2015""."
CRPC,361,Special reasons to be recorded in certain cases,BNSS,402,Special reasons to be recorded in certain cases,direct,"402: 'The Children Act 1960 (60 of 1960)"" is replaced by ""The
Juvenile Justice (Care and Protection of Children) Act,
2015""."
CRPC,362,Court not to alter judgment,BNSS,403,Court not to alter judgment,direct,403: No change.
CRPC,363,Copy of judgment to be given to the accused and other persons,BNSS,404,Copy of judgment to be given to accused and other persons,direct,"404: New Proviso added to subsection (5), which provides
further that the Court may, on an application made on this
behalf by the Prosecuting Officer, provide to the
Government, free of cost, a certified copy of such
judgement, order, deposition, or record."
CRPC,364,Judgment when to be translated,BNSS,405,Judgment when to be translated,direct,"405: The words ""the accused so required"" replaced by ""if either
party so requires""."
CRPC,365,Court of Session to send copy of finding and sentence to District Magistrate,BNSS,406,Court of Session to send copy of finding and sentence to District Magistrate,direct,406: No change.
CRPC,366,Sentence of death to be submitted by Court of Session for confirmation,BNSS,407,Sentence of death to be submitted by Court of Session for confirmation,direct,"407: The words ""shall be"" replaced by ""forthwith""."
CRPC,367,Power to direct further inquiry to be made or additional evidence to be taken,BNSS,408,Power to direct further inquiry to be made or additional evidence to be taken,direct,408: No change.
CRPC,368,Power of High Court to confirm sentence or annul conviction,BNSS,409,Power of High Court to confirm sentence or annul conviction,direct,409: No change.
CRPC,369,Confirmation or new sentence to be signed by two Judges,BNSS,410,Confirmation or new sentence to be signed by two Judges,direct,410: No change.
CRPC,370,Procedure in case of difference of opinion,BNSS,411,Procedure in case of difference of opinion,direct,411: No change.
CRPC,371,Procedure in cases submitted to High Court for confirmation,BNSS,412,Procedure in cases submitted to High Court for confirmation,direct,"412: The words ""either physically, or through electronic means""
is added."
CRPC,372,No appeal to lie unless otherwise provided,BNSS,413,No appeal to lie unless otherwise provided,direct,413: No change.
CRPC,373,Appeal from orders requiring security or refusal to accept or rejecting surety for keeping peace or good behaviour,BNSS,414,Appeal from orders requiring security or refusal to accept or rejecting surety for keeping peace or good behaviour,direct,414: No change.
CRPC,374,Appeals from convictions,BNSS,415,Appeals from convictions,direct,"415: ""a Metropolitan Magistrate or Assistant Sessions Judge""
excluded."
CRPC,375,No appeal in certain cases when accused pleads guilty,BNSS,416,No appeal in certain cases when accused pleads guilty,direct,"416: ""Metropolitan Magistrate"" excluded."
CRPC,376,No appeal in petty cases,BNSS,417,No appeal in petty cases,direct,"417: ""Metropolitan Magistrate"" excluded. Imprisonment limit is
reduced from six months to three months."
CRPC,377,Appeal by the State Government against sentence,BNSS,418,Appeal by State Government against sentence,direct,"418: The words ""the Delhi Special Police Establishment,
constituted under the Delhi Special Police Establishment
Act, 1946 (25 of 1946), or by any other"" are excluded."
CRPC,378,Appeal in case of acquittal,BNSS,419,Appeal in case of acquittal,direct,419: Ditto.
CRPC,379,Appeal against conviction by High Court in certain cases,BNSS,420,Appeal against conviction by High Court in certain cases,direct,420: No change.
CRPC,380,Special right of appeal in certain cases,BNSS,421,Special right of appeal in certain cases,direct,"421: The word ""contained"" excluded."
CRPC,381,Appeal to Court of Session how heard,BNSS,422,Appeal to Court of Session how heard,direct,"422: The word ""Assistant Session Judge"" excluded."
CRPC,382,Petition of appeal,BNSS,423,Petition of appeal,direct,"423: ""pleader"" is replaced by ""advocate""."
CRPC,383,Procedure when appellant in jail,BNSS,424,Procedure when appellant in jail,direct,424: No change.
CRPC,384,Summary dismissal of appeal,BNSS,425,Summary dismissal of appeal,direct,"425: ""pleader"" is replaced by ""advocate""."
CRPC,385,Procedure for hearing appeals not dismissed summarily,BNSS,426,Procedure for hearing appeals not dismissed summarily,direct,426: Ditto.
CRPC,386,Powers of the Appellate Court,BNSS,427,Powers of Appellate Court,direct,427: Ditto.
CRPC,387,Judgments of subordinate Appellate Court,BNSS,428,Judgments of subordinate Appellate Court,direct,428: No change.
CRPC,388,Order of High Court on appeal to be certified to lower Court,BNSS,429,Order of High Court on appeal to be certified to lower Court,direct,429: No change.
CRPC,389,Suspension of sentence pending the appeal; release of appellant on bail,BNSS,430,Suspension of sentence pending appeal; release of appellant on bail,direct,"430: ""or bail bond"" added."
CRPC,390,Arrest of accused in appeal from acquittal,BNSS,431,Arrest of accused in appeal from acquittal,direct,431: No change.
CRPC,391,Appellate Court may take further evidence or direct it to be taken,BNSS,432,Appellate Court may take further evidence or direct it to be taken,direct,"432: ""pleader"" is replaced by ""advocate""."
CRPC,392,Procedure where Judges of Court of appeal are equally divided,BNSS,433,Procedure where Judges of Court of appeal are equally divided,direct,433: No change.
CRPC,393,Finality of judgments and orders on appeal,BNSS,434,Finality of judgments and orders on appeal,direct,434: No change.
CRPC,394,Abatement of appeals,BNSS,435,Abatement of appeals,direct,435: No change.
CRPC,395,Reference to High Court,BNSS,436,Reference to High Court,direct,"436: ""Metropolitan Magistrate"" and ""or him"" excluded."
CRPC,396,Disposal of case according to decision of High Court,BNSS,437,Disposal of case according to decision of High Court,direct,437: No change.
CRPC,397,Calling for records to exercise powers of revision,BNSS,438,Calling for records to exercise powers of revision,direct,"438: The words ""or bail bond "" added and ""bail"" excluded."
CRPC,398,Power to order inquiry,BNSS,439,Power to order inquiry,direct,439: No change.
CRPC,399,Sessions Judge's powers of revision,BNSS,440,Sessions Judge's powers of revision,direct,440: No change.
CRPC,400,Power of Additional Sessions Judge,BNSS,441,Power of Additional Sessions Judge,direct,441: No change.
CRPC,401,High Court's powers of revision,BNSS,442,High Court's powers of revision,direct,"442: ""pleader"" is replaced by ""advocate""."
CRPC,402,Power of High Court to withdraw or transfer revision cases,BNSS,443,Power of High Court to withdraw or transfer revision cases,direct,443: No change.
CRPC,403,Option of Court to hear parties,BNSS,444,Option of Court to hear parties,direct,"444: ""pleader"" is replaced by ""advocate""."
CRPC,405,High Court's order to be certified to lower Court,BNSS,445,High Court's order to be certified to lower Court,direct,445: No change.
CRPC,406,Power of Supreme Court to transfer cases and appeals,BNSS,446,Power of Supreme Court to transfer cases and appeals,direct,"446: ""not exceeding one thousand rupees"" is excluded."
CRPC,407,Power of High Court to transfer cases and appeals,BNSS,447,Power of High Court to transfer cases and appeals,direct,"447: In subsection (4) ""or bail bond"" is added and ""with or
without sureties"" excluded. From the subsection (7) ""not
exceeding one thousand rupees"" is excluded."
CRPC,408,Power of Sessions Judge to transfer cases and appeals,BNSS,448,Power of Sessions Judge to transfer cases and appeals,direct,"448: The words ""one thousand rupees"" are replaced by ""sum"",
whereas ""two hundred and fifty rupees"" is replaced by ""sum
not exceeding ten thousand rupees""."
CRPC,409,Withdrawal of cases and appeals by Sessions Judges,BNSS,449,Withdrawal of cases and appeals by Sessions Judges,direct,"449: From subsection (1) ""any Assistant Sessions Judge or"" are
excluded."
CRPC,410,Withdrawal of cases by Judicial Magistrates,BNSS,450,Withdrawal of cases by Judicial Magistrates,direct,450: No change.
CRPC,411,Making over or withdrawal of cases by Executive Magistrates,BNSS,451,Making over or withdrawal of cases by Executive Magistrates,direct,451: No change.
CRPC,412,Reasons to be recorded,BNSS,452,Reasons to be recorded,direct,452: No change.
CRPC,413,Execution of order passed under section 368,BNSS,453,Execution of order passed under section 409,direct,453: No change.
CRPC,414,Execution of sentence of death passed by High Court,BNSS,454,Execution of sentence of death passed by High Court,direct,454: No change.
CRPC,415,Postponement of execution of sentence of death in case of appeal to Supreme Court,BNSS,455,Postponement of execution of sentence of death in case of appeal to Supreme Court,direct,455: No change.
CRPC,416,Postponement of capital sentence on pregnant woman,BNSS,456,Commutation of sentence of death on pregnant woman,direct,"456: The heading ""Commutation of sentence of death on
pregnant woman"" replaces the heading ""Postponement of
capital sentence on pregnant woman""."
CRPC,417,Power to appoint place of imprisonment,BNSS,457,Power to appoint place of imprisonment,direct,"457: The words ""or section 23 of the Provincial Insolvency Act,
1920 (5 of 1920), as the case may be;"" excluded."
CRPC,418,Execution of sentence of imprisonment,BNSS,458,Execution of sentence of imprisonment,direct,458: No change.
CRPC,419,Direction of warrant for execution,BNSS,459,Direction of warrant for execution,direct,459: No change.
CRPC,420,Warrant with whom to be lodged,BNSS,460,Warrant with whom to be lodged,direct,460: No change.
CRPC,421,Warrant for levy of fine,BNSS,461,Warrant for levy of fine,direct,"461: The words, ""but no such payment has been made"" added in
subsection (1)."
CRPC,422,Effect of such warrant,BNSS,462,Effect of such warrant,direct,462: No change.
CRPC,423,Warrant for levy of fine issued by a Court in any territory to which this Code does not extend,BNSS,463,Warrant for levy of fine issued by a Court in any territory to which this Sanhita does not extend,direct,463: No change.
CRPC,424,Suspension of execution of sentence of imprisonment,BNSS,464,Suspension of execution of sentence of imprisonment,direct,"464: The words ""with or without sureties"" are excluded"" and or
bail bond"" are added."
CRPC,425,Who may issue warrant,BNSS,465,Who may issue warrant,direct,465: No change.
CRPC,426,Sentence on escaped convict when to take effect,BNSS,466,Sentence on escaped convict when to take effect,direct,466: No change.
CRPC,427,Sentence on offender already sentenced for another offence,BNSS,467,Sentence on offender already sentenced for another offence,direct,467: No change.
CRPC,428,Period of detention undergone by the accused to be set off against the sentence of imprisonment,BNSS,468,Period of detention undergone by accused to be set off against sentence of imprisonment,direct,468: No change.
CRPC,429,Saving,BNSS,469,Saving,direct,469: No change.
CRPC,430,Return of warrant on execution of sentence,BNSS,470,Return of warrant on execution of sentence,direct,470: No change.
CRPC,431,Money ordered to be paid recoverable as a fine,BNSS,471,Money ordered to be paid recoverable as a fine,direct,471: No change.
CRPC,432,Power to suspend or remit sentences,BNSS,473,Power to suspend or remit sentences,direct,"473: In sub-section (5) the word ""male"" is excluded."
CRPC,433,Power to commute sentence,BNSS,474,Power to commute sentence,direct,"474: Five new clauses are added regarding commutation of
sentence and four clauses are excluded from 433 CrPC."
CRPC,433A,Restriction on powers of remission or commutation in certain cases,BNSS,475,Restriction on powers of remission or commutation in certain cases,direct,475: No change.
CRPC,434,Concurrent power of Central Government in case of death sentences,BNSS,476,Concurrent power of Central Government in case of death sentences,direct,476: No change.
CRPC,435,State Government to act after consultation with Central Government in certain cases,BNSS,477,State Government to act after concurrence with Central Government in certain cases,direct,"477: The word ""concurrence"" replaces ""consultation"". The words
""the Delhi Special Police Establishment constituted under
the Delhi Special Police Establishment Act, 1946 (25 of
1946), or"" are excluded."
CRPC,436,In what cases bail to be taken,BNSS,478,In what cases bail to be taken,direct,"478: The word ""bail"" is replaced by ""or bail bond"". ""without
sureties"" is excluded. In subsection(2) ""bond or"", ""or bail
bond"" are added."
CRPC,436A,Maximum period for which an under trial prisoner can be detained,BNSS,479,Maximum period for which undertrial prisoner can be detained,direct,"479: ""or life imprisonment is added."" One new proviso is added
to subsection (1), which states about the bail of first-time
offenders. Two new subsections (2) and (3) are added,
which are about bail for individuals having multiple
pending investigations, inquiries or trials for more than one
offence, and applications by the superintendent of jail where
the accused person is detained, respectively.""bail"" is added
in place of ""his personal bond with or without sureties,""
""also"" is used in place of ""further""."
CRPC,437,When bail may be taken in case of non-bailable offence,BNSS,480,When bail may be taken in case of non-bailable offence,direct,"480: In first proviso ""is under the age of 16 years"" is replaced by
""child"". In third proviso, ""or for police custody beyond the
first fifteen days"" added. The words ""without sureties"" are
excluded."
CRPC,437A,Bail to require accused to appear before next appellate Court,BNSS,481,Bail to require accused to appear before next Appellate Court,direct,"481: The words ""bail bond with sureties"" are replaced by ""bond
or bail bond""."
CRPC,438,Direction for grant of bail to person apprehending arrest,BNSS,482,Direction for grant of bail to person apprehending arrest,direct,482: No change.
CRPC,439,Special powers of High Court or Court of Session regarding bail,BNSS,483,Special powers of High Court or Court of Session regarding bail,direct,483: No change.
CRPC,440,Amount of bond and reduction thereof,BNSS,484,Amount of bond and reduction thereof,direct,484: No change.
CRPC,441,Bond of accused and sureties,BNSS,485,Bond of accused and sureties,direct,"485: The words ""bail or released on his own bond"" replaced by
""bond or bail bond"" and ""bail"" is replaced by ""bond or bail"
CRPC,441A,Declaration by sureties,BNSS,486,Declaration by sureties,direct,486: No change.
CRPC,442,Discharge from custody,BNSS,487,Discharge from custody,direct,"487: The words ""bail bond"" are added in subsection (1) and (2)."
CRPC,443,Power to order sufficient bail when that first taken is insufficient,BNSS,488,Power to order sufficient bail when that first taken is insufficient. Discharge of sureties,direct,488: No change.
CRPC,444,Discharge of sureties,BNSS,489,Discharge of sureties.,direct,489: No change.
CRPC,445,Deposit instead of recognizance,BNSS,490,Deposit instead of recognizance,direct,"490: The words ""bond with or without sureties"" are replaced by
""bond or bail bond""."
CRPC,446,Procedure when bond has been forfeited,BNSS,491,Procedure when bond has been forfeited,direct,491: No change.
CRPC,446A,Cancellation of bond and bail bond,BNSS,492,Cancellation of bond and bail bond,direct,"492: The words ""bail bond"" are added."
CRPC,447,Procedure in case of insolvency or death of surety or when a bond is forfeited,BNSS,493,Procedure in case of insolvency or death of surety or when a bond is forfeited,direct,493: No change.
CRPC,448,Bond required from minor,BNSS,494,Bond required from child,direct,"494: The word ""minor"" is replaced by ""child""."
CRPC,449,Appeal from orders under section 446,BNSS,495,Appeal from orders under section 491,direct,495: No change.
CRPC,450,Power to direct levy of amount due on certain recognizances,BNSS,496,Power to direct levy of amount due on certain recognizances,direct,496: No change.
CRPC,451,Order for custody and disposal of property pending trial in certain cases,BNSS,497,Order for custody and disposal of property pending trial in certain cases,direct,"497: In subsection (1), the words, ""or the Magistrate empowered"
CRPC,452,Order for disposal of property at conclusion of trial,BNSS,498,Order for disposal of property at conclusion of trial,direct,"498: The words ""investigation"" and ""or the Magistrate"" are
added, and ""Court"" is replaced by ""case"" in subsection (1).
The words ""or the Magistrate"" is added in subsection (2)."
CRPC,453,Payment to innocent purchaser of money found on accused,BNSS,499,Payment to innocent purchaser of money found on accused,direct,"499: The words ""within six months from the date of such order""
are added for specifying the time limit for delivery to the
purchaser."
CRPC,454,Appeal against orders under section 452 or section 453,BNSS,500,Appeal against orders under section 498 or section 499,direct,"500: The word ""or Magistrate"" is added."
CRPC,455,Destruction of libellous and other matter,BNSS,501,Destruction of libellous and other matter,direct,501: No change.
CRPC,456,Power to restore possession of immovable property,BNSS,502,Power to restore possession of immovable property,direct,"502: The words ""attended by"" are replaced by ""by use of"" in
subsection (1)."
CRPC,457,Procedure by police upon seizure of property,BNSS,503,Procedure by police upon seizure of property,direct,503: No change.
CRPC,458,Procedure when no claimant appears within six months,BNSS,504,Procedure where no claimant appears within six months,direct,"504: The words ""may be prescribed"" are replaced by ""as the State
Government may, by rules, provide""."
CRPC,459,Power to sell perishable property,BNSS,505,Power to sell perishable property,direct,"505: ""five hundred rupees"" is replaced by ""less than ten thousand
rupees""."
CRPC,460,Irregularities which do not vitiate proceedings,BNSS,506,Irregularities which do not vitiate proceedings,direct,506: No change.
CRPC,461,Irregularities which vitiate proceedings,BNSS,507,Irregularities which vitiate proceedings,direct,"507: The words ""or telegraph"" are excluded."
CRPC,462,Proceedings in wrong place,BNSS,508,Proceedings in wrong place,direct,508: No change.
CRPC,463,Non-compliance with provisions of section 164 or section 281,BNSS,509,Non- compliance with provisions of section 183 or section 316,direct,509: No change.
CRPC,464,"Effect of omission to frame, or absence of, or error in, charge",BNSS,510,"Effect of omission to frame, or absence of, or error in, charge",direct,510: No change.
CRPC,465,"Finding or sentence when reversible by reason of error, omission or irregularity",BNSS,511,"Finding or sentence when reversible by reason of error, omission or irregularity",direct,511: No change.
CRPC,466,Defect or error not to make attachment unlawful,BNSS,512,Defect or error not to make attachment unlawful,direct,512: Ditto.
CRPC,467,Definitions,BNSS,513,Definitions,direct,513: No change.
CRPC,468,Bar to taking cognizance after lapse of the period of limitation,BNSS,514,Bar to taking cognizance after lapse of period of limitation,direct,"514: A new explanation is added. ""For the purpose of computing
the period of limitation, the relevant date shall be the date of
filing a complaint under section 223 or the date of recording
information under section 173."" ""elsewhere"" is excluded
from subsection (1)."
CRPC,469,Commencement of the period of limitation,BNSS,515,Commencement of period of limitation,direct,515: No change.
CRPC,470,Exclusion of time in certain cases,BNSS,516,Exclusion of time in certain cases,direct,516: No change.
CRPC,471,Exclusion of date on which Court is closed,BNSS,517,Exclusion of date on which Court is closed,direct,517: No change.
CRPC,472,Continuing offence,BNSS,518,Continuing offence,direct,518: No change.
CRPC,473,Extension of period of limitation in certain cases,BNSS,519,Extension of period of limitation in certain cases,direct,519: No change.
CRPC,474,Trials before High Court,BNSS,520,Trials before High Courts,direct,520: No change.
CRPC,475,Delivery to commanding officers of persons liable to be tried by Court-martial,BNSS,521,Delivery to commanding officers of persons liable to be tried by Court-martial,direct,"521: The word ""military"" is replaced by ""army""."
CRPC,476,Forms,BNSS,522,Forms,direct,522: No change.
CRPC,477,Power of High Court to make rules,BNSS,523,Power of High Court to make rules,direct,"523: The word ""prescribed"" is replaced by ""provided by rules
made by the State Government""."
CRPC,478,Power to alter functions allocated to Executive Magistrates in certain cases,BNSS,524,Power to alter functions allocated to Executive Magistrate in certain cases,direct,524: No change.
CRPC,479,Cases in which Judge or Magistrate is personally interested,BNSS,525,Cases in which Judge or Magistrate is personally interested,direct,525: No change.
CRPC,480,Practising pleader not to sit as Magistrate in certain Courts,BNSS,526,Practising advocate not to sit as Magistrate in certain Courts,direct,"526: The word ""pleader"" is replaced by ""advocate""."
CRPC,481,Public servant concerned in sale not to purchase or bid for property,BNSS,527,Public servant concerned in sale not to purchase or bid for property,direct,527: No change.
CRPC,482,Saving of inherent power of High Court,BNSS,528,Saving of inherent powers of High Court,direct,528: Ditto.
CRPC,483,Duty of High Court to exercise continuous superintendence over Courts of Judicial Magistrates,BNSS,529,Duty of High Court to exercise continuous superintendence over Courts,direct,"529: In the heading words ""Court of Judicial Magistrates"" are
replaced by ""Courts"". And ""Courts of Session and"", ""the
Judges and"" are added. The word ""such"" is excluded."
CRPC,484,Repeal and savings,BNSS,531,Repeal and savings,direct,"531: Proviso to subsection (2) (a) is excluded. In sub-section
2(b), the word ""prescribed"" is replaced at one place by
""provided by rules"" and at another place by the word
""specified"". Proviso to subsection (2) (d) is excluded.
In sub-section (3), the word ""prescribed"" is replaced by
""specified"". The word ""old"" is replaced by ""said"" at many
places in this section."
,,,BNSS,86,Identification and attachment of property of proclaimed person,new_provision,86: Newly added.
,,,BNSS,105,Recording of search and seizure through audio- video electronic means,new_provision,"105: ""The process of conducting search of a place or taking
possession of any property ,article or thing under this
Chapter or under section 185, including preparation of the
list of all things seized in the course of such search and
seizure and signing of such list by witnesses, shall be
recorded through any audio-video electronic means
preferably mobile phone and the police officer shall without
delay forward such recording to the District Magistrate,
Sub-divisional Magistrate or Judicial Magistrate of the first
class."""
,,,BNSS,107,"Attachment, forfeiture or restoration of property",new_provision,107: Newly added.
,,,BNSS,172,Persons bound to conform to lawful directions of police,new_provision,"172: ""(1) All persons shall be bound to conform to the lawful"
,,,BNSS,336,"Evidence of public servants, experts, police officers in certain cases",new_provision,"336: Newly added section.
Evidence of public servants, experts, police officers in
certain cases may be secured through the successor officer
of such a public servant, etc."
,,,BNSS,356,"Inquiry, trial or judgment in absentia of proclaimed offender",new_provision,"356: A newly added section which gives provision for Inquiry,
trial or judgment in absentia of proclaimed offender. An
extra-ordinary provision."
,,,BNSS,398,Witness protection scheme,new_provision,"398: ""Every State Government shall prepare and notify a Witness
Protection Scheme for the State with a view to ensure
protection of the witnesses""."
,,,BNSS,472,Mercy petition in death sentence cases,new_provision,472: Newly added section.
,,,BNSS,530,Trial and proceedings to be held in electronic mode,new_provision,"530: Newly added under heading
Trial and proceedings to be held in electronic mode."
CRPC,8,Metropolitan areas,BNSS,,,removed,No counterpart listed in the BPRD correspondence table.
CRPC,10,Subordination of Assistant Sessions Judges,BNSS,,,removed,No counterpart listed in the BPRD correspondence table.
CRPC,16,Courts of Metropolitan Magistrates,BNSS,,,removed,No counterpart listed in the BPRD correspondence table.
CRPC,17,Chief Metropolitan Magistrate and Additional Chief Metropolitan Magistrate,BNSS,,,removed,No counterpart listed in the BPRD correspondence table.
CRPC,18,Special Metropolitan Magistrates,BNSS,,,removed,No counterpart listed in the BPRD correspondence table.
CRPC,19,Subordination of Metropolitan Magistrates,BNSS,,,removed,No counterpart listed in the BPRD correspondence table.
CRPC,27,Jurisdiction in the case of juveniles,BNSS,,,removed,No counterpart listed in the BPRD correspondence table.
CRPC,144A,Power to prohibit carrying arms in procession or mass drill or mass training with arms,BNSS,,,removed,No counterpart listed in the BPRD correspondence table.
CRPC,153,Inspection of weights and measures,BNSS,,,removed,No counterpart listed in the BPRD correspondence table.
CRPC,265I,Period of detention undergone by the accused to be set off against the sentence of imprisonment,BNSS,,,removed,No counterpart listed in the BPRD correspondence table.
CRPC,355,Metropolitan Magistrate's Judgment,BNSS,,,removed,No counterpart listed in the BPRD correspondence table.
CRPC,404,Statement by Metropolitan Magistrate of grounds of his decision to be considered by High Court,BNSS,,,removed,No counterpart listed in the BPRD correspondence table.
IEA,1,"Short title, extent and Commencement",BSA,1,"Short title, application and commencement",direct,"1: Indian Evidence Act, 1872 (IEA) provided that it
extended to the whole of India, whereas Bharatiya
Sakshya Adhiniyam, 2023 (BSA) excludes this
provision of territorial extent."
IEA,3,Interpretation clause,BSA,2,Definitions,merged,"2(1)(a): No change. 2(1)(b): ""Act"" is replaced with ""Adhiniyam"".
Wherever the word ""Act"" is used in IEA the word
""Adhiniyam"" is used in BSA, therefore, this fact will
not be specifically mentioned in this table
hereinafter.
Word ""means"" is added. 2(1) (c): Words ""A fact is said to be disproved"" are replaced
by ""in relation to a fact, means"". 2(1)(d): The words ""or otherwise recorded"" and ""or any other
means"", ""and includes electronic and digital records""
are added. 2(1)(e ): ""Words"" ""including statements given electronically""
in (e ) (i) and ""or digital"" in (e ) (ii) are added. 2(1)(f): Word ""man"" is replaced by ""person"" in illustrations
and illustration (e)-""That a man has a certain
reputation, is a fact"" is now excluded in BSA. 2(1)(g): No change. 2(1)(h): No change. 2(1)(i): No change. 2(1)(j): No change. 2(1)(k): No change. 2(1)(l): No change. 2(2): Newly added. ""Words and expression"
IEA,4,Presumption and Proof,BSA,2,Definitions,merged,"2(1)(a): No change. 2(1)(b): ""Act"" is replaced with ""Adhiniyam"".
Wherever the word ""Act"" is used in IEA the word
""Adhiniyam"" is used in BSA, therefore, this fact will
not be specifically mentioned in this table
hereinafter.
Word ""means"" is added. 2(1) (c): Words ""A fact is said to be disproved"" are replaced
by ""in relation to a fact, means"". 2(1)(d): The words ""or otherwise recorded"" and ""or any other
means"", ""and includes electronic and digital records""
are added. 2(1)(e ): ""Words"" ""including statements given electronically""
in (e ) (i) and ""or digital"" in (e ) (ii) are added. 2(1)(f): Word ""man"" is replaced by ""person"" in illustrations
and illustration (e)-""That a man has a certain
reputation, is a fact"" is now excluded in BSA. 2(1)(g): No change. 2(1)(h): No change. 2(1)(i): No change. 2(1)(j): No change. 2(1)(k): No change. 2(1)(l): No change. 2(2): Newly added. ""Words and expression"
IEA,5,Evidence may be given of facts in issue and relevant facts,BSA,3,Evidence may be given of facts in issue and relevant facts,direct,3: No change.
IEA,6,Relevancy of facts forming part of same transaction,BSA,4,Relevancy of facts forming part of same transaction,direct,4: No change.
IEA,7,"Facts which are the occasion, cause or effect of facts in issue",BSA,5,"Facts which are occasion, cause or effect of facts in issue or relevant facts",direct,"5: Words ""or relevant facts"" added in heading."
IEA,8,"Motive, preparation and previous or subsequent conduct",BSA,6,"Motive, preparation and previous or subsequent conduct",direct,"6: In explanation. And in illustrations ""vakils"" is
replaced by ""advocates"" ""man"" is replaced by
""person"" and ""ravished"" is replaced by "" raped""."
IEA,9,Facts necessary to explain or introduce relevant facts,BSA,7,Facts necessary to explain or introduce fact in issue or relevant facts,direct,"7: Words ""fact in issue or"" are added in the heading.
""A"" is replaced by ""he""."
IEA,10,Things said or done by conspirator in reference to common design,BSA,8,Things said or done by conspirator in reference to common design,direct,"8: No change except in illustrations, ""Government of
India"" is replaced by ""State"", and city names are
changed from Calcutta to Kolkata, Bombay to
Mumbai, and Kabul to Singapore."
IEA,11,When facts not otherwise relevant become relevant,BSA,9,When facts not otherwise relevant become relevant,direct,"9: No Change except in illustrations cities names are
changed from Calcutta to Chennai and Lahore to
Laddakh."
IEA,12,"In suits for damages, facts tending to enable Court to determine amount are relevant",BSA,10,Facts tending to enable Court to determine amount are relevant in suits for damages,direct,"10: No change except in the heading, where the words
""In suits for damages"" are placed at the end instead
of the beginning."
IEA,13,Facts relevant when right or custom is in question,BSA,11,Facts relevant when right or custom is in question,direct,11: No change.
IEA,14,"Facts showing existence of state of mind, or of body or bodily feeling",BSA,12,"Facts showing existence of state of mind, or of body or bodily feeling",direct,"12: In illustrations, word ""coin"" is replaced by
""currency"" and ""carriage"" is replaced by ""cars""."
IEA,15,Facts bearing on question whether act was accidental or intentional,BSA,13,Facts bearing on question whether act was accidental or intentional,direct,"13: In illustrations, word ""rupee"" is replaced by
""currency""."
IEA,16,Existence of course of business when relevant,BSA,14,Existence of course of business when relevant,direct,14: No change.
IEA,17,Admission defined,BSA,15,Admission defined,direct,15: No change.
IEA,18,Admission by party to proceeding or his agent by suitor in representative character,BSA,16,Admission by party to proceeding or his agent,direct,"16: Headings of paragraphs are excluded and written as
subsections and clauses."
IEA,19,Admissions by persons whose position must be proved as against party to suit,BSA,17,Admissions by persons whose position must be proved as against party to suit,direct,17: No change.
IEA,20,Admissions by persons expressly referred to by party to suit,BSA,18,Admissions by persons expressly referred to by party to suit,direct,18: No change.
IEA,21,"Proof of admissions against persons making them, and by or on their behalf",BSA,19,"Proof of admissions against persons making them, and by or on their behalf",direct,"19: Word ""coin"" is replaced by ""currency""."
IEA,22,When oral admissions as to contents of documents are relevant,BSA,20,When oral admissions as to contents of documents are relevant,direct,20: No change.
IEA,23,"Admissions in civil cases, when relevant",BSA,21,Admissions in civil cases when relevant,direct,"21: Words ""barrister, pleader, attorney or vakil"" are
replaced by ""advocate""."
IEA,24,"Confession caused by inducement, threat or promise, when irrelevant in criminal proceeding",BSA,22,"Confession caused by inducement, threat, coercion or promise, when irrelevant in criminal proceeding",direct,"22(1): The word ""coercion"" is added. Section 28 IEA and
Section 29 IEA are given as provisos to Section 22
of the BSA. Heading is dropped as sections are
included as provisos."
IEA,25,Confession to police officer not to be proved,BSA,23,Confession to police officer,merged,"23(1): Words ""not to be proved"" are excluded from
heading. 23(2): Heading is dropped as the section is included as a
subsection. Word ""whilst"" is replaced by ""while""
and words ""such person"" are replaced by ""him""."
IEA,26,Confession by accused while in custody of police not to be proved against him,BSA,23,Confession to police officer,merged,"23(1): Words ""not to be proved"" are excluded from
heading. 23(2): Heading is dropped as the section is included as a
subsection. Word ""whilst"" is replaced by ""while""
and words ""such person"" are replaced by ""him""."
IEA,30,Consideration of proved confession affecting person making it and others jointly under trial for same offence,BSA,24,Consideration of proved confession affecting person making it and others jointly under trial for same offence,direct,"24: A new explanation II is added, mentioning that ""A
trial of more persons than one held in the absence of
the accused who has absconded or who fails to
comply with a proclamation issued under Section 84
of the Bharatiya Nagarik Suraksha Sanhita, 2023,
shall be deemed to be a joint trial for the purpose of
this section."""
IEA,31,"Admissions not conclusive proof, but may estop",BSA,25,"Admissions not conclusive proof, but may estop",direct,25: No change.
IEA,32,"Cases in which statement of relevant fact by person who is dead or cannot be found, etc., is relevant",BSA,26,"Cases in which statement of relevant fact by person who is dead or cannot be found, etc., is relevant",direct,"26: Word ""namely"" is added and headings of
subsections are dropped. In illustration word
""ravished"" is replaced by ""raped"" and word ""banya""
is replaced by ""business""."
IEA,33,"Relevancy of certain evidence for proving, in subsequent proceeding, the truth of facts therein stated",BSA,27,"Relevancy of certain evidence for proving, in subsequent proceeding, truth of facts therein stated",direct,"27: No change except that word ""that"" is replaced by
""and"" in proviso."
IEA,34,Entries in books of account including those maintained in an electronic form when relevant,BSA,28,Entries in books of account when relevant,direct,"28: No change except the words ""include those
maintained in an electronic form"" are excluded from
the heading."
IEA,35,Relevancy of entry in public record or an electronic record made in performance of duty,BSA,29,Relevancy of entry in public record or an electronic record made in performance of duty,direct,29: No change.
IEA,36,"Relevancy of statements in maps, charts and plans",BSA,30,"Relevancy of statements in maps, charts and plans",direct,30: No change.
IEA,37,"Relevancy of statement as to fact to public nature, contained in certain Acts or notifications",BSA,31,Relevancy of statement as to fact of public nature contained in certain Acts or notifications,direct,"31: Words ""any Act of Parliament 4 (of the United
Kingdom) or or in any 5 Central Act, Provincial Act
or 6 a State Act or in a Government notification or
notification by the Crown Representative appearing
in the Official Gazette or in any printed paper
purporting to be the London Gazette or the
Government Gazette of any Dominion, colony, or
possession of his Majesty is a relevant fact."" are
replaced by ""any Central Act or State Act or in a
Central Government or State Government
notification appearing in the respective Official
Gazette or in any printed paper or in electronic or
digital form purporting to be such Gazette, is a
r elevant fact""."
IEA,38,Relevancy of statements as to any law contained in law-books,BSA,32,Relevancy of statements as to any law contained in law books including electronic or digital form,direct,"32: Words ""including in electronic or digital form"" are
added in heading as well as in the main text of the
section."
IEA,39,"What evidence to be given when statement forms part of a conversation, document, electronic record, book or series of letters or papers",BSA,33,"What evidence to be given when statement forms part of a conversation, document, electronic record, book or series of letters or papers",direct,33: No change.
IEA,40,Previous judgments relevant to bar a second suit or trial,BSA,34,Previous judgments relevant to bar a second suit or trial,direct,34: No change.
IEA,41,"Relevancy of certain judgments in probate, etc., jurisdiction",BSA,35,"Relevancy of certain judgments in probate, etc., jurisdiction",direct,"35: The word ""Tribunal"" is added. Paragraph ""Such
judgment, order or decree is conclusive proof that""
is given as subsection (2) and conditions under this
are enumerated as (i), (ii), (iii), and (iv). The word
""that"" is excluded."
IEA,42,"Relevancy and effect of judgments, orders or decrees, other than those mentioned in section 41",BSA,36,"Relevancy and effect of judgments, orders or decrees, other than those mentioned in section 35",direct,36: No change.
IEA,43,"Judgments, etc., other than those mentioned in sections 40 to 42, when relevant",BSA,37,"Judgments, etc., other than those mentioned in sections 34, 35 and 36 when relevant",direct,37: No change.
IEA,44,"Fraud or collusion in obtaining judgment, or incompetency of Court, may be proved",BSA,38,"Fraud or collusion in obtaining judgment, or incompetency of Court, may be proved",direct,38: No change.
IEA,45,Opinions of experts,BSA,39,Opinions of experts,merged,"39(1): Words ""or any other field"" are added. Thus, scope is
expanded greatly. 39(2): Heading is dropped as section is added as a
subsection."
IEA,45A,,BSA,39,Opinions of experts,merged,"39(1): Words ""or any other field"" are added. Thus, scope is
expanded greatly. 39(2): Heading is dropped as section is added as a
subsection."
IEA,46,Facts bearing upon opinions of experts,BSA,40,Facts bearing upon opinions of experts,direct,40: No change.
IEA,47,"Opinion as to handwriting, when relevant",BSA,41,"Opinion as to handwriting and signature, when relevant",merged,"41(1): Words ""and signature"" are added in heading. 41(2): Heading is dropped as section is added as a
subsection."
IEA,47A,Opinion as to digital signature when relevant,BSA,41,"Opinion as to handwriting and signature, when relevant",merged,"41(1): Words ""and signature"" are added in heading. 41(2): Heading is dropped as section is added as a
subsection."
IEA,48,"Opinion as to existence of right or custom, when relevant",BSA,42,"Opinion as to existence of general custom or right, when relevant",direct,42: No change.
IEA,49,"Opinion as to usages, tenets, etc., when relevant",BSA,43,"Opinion as to usages, tenets, etc., when relevant",direct,"43: Paragraphs are numbered as clauses (i), (ii) and (iii)."
IEA,50,"Opinion or relationship, when relevant",BSA,44,"Opinion on relationship, when relevant",direct,44: No change.
IEA,51,"Grounds of opinion, when relevant",BSA,45,"Grounds of opinion, when relevant",direct,45: No change.
IEA,52,"In civil cases character to prove conduct imputed, irrelevant",BSA,46,"In civil cases character to prove conduct imputed, irrelevant",direct,46: No change.
IEA,53,"In criminal cases, previous good character relevant",BSA,47,In criminal cases previous good character relevant,direct,47: No change.
IEA,53A,Evidence of character or previous sexual experience not relevant in certain cases.1,BSA,48,Evidence of character or previous sexual experience not relevant in certain cases,direct,48: No change.
IEA,54,"Previous bad character not relevant, except in reply",BSA,49,"Previous bad character not relevant, except in reply",direct,49: No change.
IEA,55,Character as affecting damages,BSA,50,Character as affecting damages,direct,50: No change.
IEA,56,Fact judicially noticeable need not be proved,BSA,51,Fact judicially noticeable need not be proved,direct,51: No change.
IEA,57,Facts of which Court must take judicial notice,BSA,52,Facts of which Court shall take judicial notice,direct,"52: Paragraphs are numbered as subsections (1) and (2),
and facts enumeration as (1) to (13) is replaced by
alphabetic clauses (a) to (l), excluding (2), (3), and
(5). These exclusions remove colonial vestiges from
the text. A new clause (b) is newly added,
mentioning ""international treaty, agreement or
convention with country or countries by India, or
decisions made by India at the international
associations or other bodies;""."
IEA,58,Facts admitted need not be proved,BSA,53,Facts admitted need not be proved,direct,53: No change.
IEA,59,Proof of facts by oral evidence,BSA,54,Proof of facts by oral evidence,direct,"54: Words ""or electronic records"" are excluded."
IEA,60,Oral evidence must be direct,BSA,55,Oral evidence to be direct,direct,"55: In heading word ""must"" is replaced by ""to"" and
paragraph are numbered as clauses (i), (ii), (iii)and
(iv). Word ""also"" is replaced by ""further""."
IEA,61,Proof of contents of documents,BSA,56,Proof of contents of documents,direct,56: No change.
IEA,62,Primary evidence,BSA,57,Primary evidence,direct,57: 4 new explanations are added.
IEA,63,Secondary evidence,BSA,58,Secondary evidence,direct,"58: Words ""means and"" are excluded and three new
clauses (vi), (vii), and (viii) are added."
IEA,64,Proof of documents by primary evidence,BSA,59,Proof of documents by primary evidence,direct,59: No change.
IEA,65,Cases in which secondary evidence relating to documents may be given,BSA,60,Cases in which secondary evidence relating to documents may be given,direct,"60: The word ""namely"" is added and paragraph of clause
(a) are numbered as (i), (ii), and (iii)."
IEA,65A,Special provisions as to evidence relating to electronic record,BSA,62,Special provisions as to evidence relating to electronic record,direct,62: No change.
IEA,65B,Admissibility of electronic records,BSA,63,Admissibility of electronic records,direct,"63: Words ""or semiconductor memory""
""or any communication device or otherwise stored,
recorded, or copied in any electronic form"" is added
in subsection (1). Words ""communication device"",
""create"" are added in subsection (2). In subsection
(3), the word ""computer"" is replaced by ""by means
of one or more computers or communication
devices,"" and new clauses (a) to (e) are added newly.
In subsection (4), the words ""that is to say"" are
replaced by ""shall be submitted along with the
electronic record at each instance where it is being
submitted for admission, namely:"". The words ""or a
communication device referred to in clauses (a) to
(e) of sub-section (3)"" are added to clause (b) of
subsection (4), and in clause (c), the words ""person
occupying a responsible official position in relation
to the operation of the relevant device or the
management of the relevant activities"" are replaced
by ""p"
IEA,66,Rules as to notice to produce,BSA,64,Rules as to notice to produce,direct,"64: ""attorney or pleader"" is replaced by ""advocate or
representative""."
IEA,67,Proof of signature and handwriting of person alleged to have signed or written document produced,BSA,65,Proof of signature and handwriting of person alleged to have signed or written document produced,direct,65: No change.
IEA,67A,Proof as to digital signature,BSA,66,Proof as to electronic signature,direct,66: No change.
IEA,68,Proof of execution of document required by law to be attested,BSA,67,Proof of execution of document required by law to be attested,direct,67: No change.
IEA,69,Proof where no attesting witness found,BSA,68,Proof where no attesting witness found,direct,"68: Words ""or if the document purports to have been
executed in the United Kingdom"" are excluded."
IEA,70,Admission of execution by party to attested document,BSA,69,Admission of execution by party to attested document,direct,69: No change.
IEA,71,Proof when attesting witness denies the execution,BSA,70,Proof when attesting witness denies execution,direct,70: No change.
IEA,72,Proof of document not required by law to be attested,BSA,71,Proof of document not required by law to be attested,direct,71: No change.
IEA,73,"Comparison of signature, writing or seal with others admitted or proved",BSA,72,"Comparison of signature, writing or seal with others admitted or proved",direct,"72: Paragraph are numbered as Subsections (1), (2) and
(3)."
IEA,73A,Proof as to verification of digital signature,BSA,73,Proof as to verification of digital signature,direct,73: No change.
IEA,74,Public documents,BSA,74,Public and private documents,merged,"74(1): The words "" and private"" are added in the
heading. The words ""any part of"" and ""or of the
commonwealth"" are excluded. 74(2): The words ""or Union territory"" and ""except the
documents referred to in sub-section (1)"" are added."
IEA,75,Private documents,BSA,74,Public and private documents,merged,"74(1): The words "" and private"" are added in the
heading. The words ""any part of"" and ""or of the
commonwealth"" are excluded. 74(2): The words ""or Union territory"" and ""except the
documents referred to in sub-section (1)"" are added."
IEA,76,Certified copies of public documents,BSA,75,Certified copies of public documents,direct,75: No change.
IEA,77,Proof of documents by production of certified copies,BSA,76,Proof of documents by production of certified copies,direct,76: No change.
IEA,78,Proof of other official documents,BSA,77,Proof of other official documents,direct,"77: The conditions' enumeration as (1) to (6) is changed
to (a) to (f). The expressions ""or of the Crown
Representative"", ""or, as the case may be, of the
Crown Representative;"", ""Her Majesty] or by the
Privy Council, or by any department of Her
Majesty's Government"" and ""London Gazette, or
purporting to be printed by the Queen's Printer;"" are
excluded.
The words ""Ministries and"" ""or Union territory
Administration"", ""Parliament or a State"" and
""President of India or the Governor of a State or the
Administrator or Lieutenant Governor of a Union
territory, by copies or extracts contained in the
Official Gazette;"" are added."
IEA,79,Presumption as to genuineness of certified copies,BSA,78,Presumption as to genuineness of certified copies,direct,"78: The words ""or by any officer [in the State of Jammu
and Kashmir] who is duly authorised thereto by the
Central Government:"" are excluded and paragraph
are numbered as subsections."
IEA,80,Presumption as to documents produced as record of evidence,BSA,79,"Presumption as to documents produced as record of evidence, etc",direct,"79: The word ""that"" is excluded and paragraph are
numbered as clauses (i), (ii) and (iii)."
IEA,81,"Presumption as to Gazettes, newspapers, private Acts of Parliament and other documents",BSA,80,"Presumption as to Gazettes, newspapers, and other documents",direct,"80: "" the London Gazette or any Official Gazette, or the
Government Gazette of any colony, dependency or
possession of the British Crown, or to be a
newspaper or journal or to be a copy of a private Act
of Parliament of the United Kingdom printed by the
Queen's Printer"" are replaced by ""the Official
Gazette"".
A new explanation is added regarding proper
custody."
IEA,81A,Presumption as to Gazettes in electronic forms,BSA,81,Presumption as to Gazettes in electronic or digital record,direct,"81: A new explanation is added regarding proper
custody of electronic document. Its phraseology is
similar to the new explanation added in the
preceding section."
IEA,83,Presumption as to maps or plans made by authority of Government,BSA,82,Presumption as to maps or plans made by authority of Government,direct,82: No change.
IEA,84,Presumption as to collections of laws and reports of decisions,BSA,83,Presumption as to collections of laws and reports of decisions,direct,83: No change.
IEA,85,Presumption as to power-of-attorney,BSA,84,Presumption as to powers- of-attorney,direct,84: No change.
IEA,85A,Presumption as to electronic agreements,BSA,85,Presumption as to electronic agreements,direct,"85: The words ""or digitals"" are added."
IEA,85B,Presumption as to electronic records and digital signatures,BSA,86,Presumption as to electronic records and electronic signatures,direct,86: No change.
IEA,85C,Presumption as to Digital Signature Certificates,BSA,87,Presumption as to Electronic Signature Certificates,direct,87: No change.
IEA,86,Presumption as to certified copies of foreign judicial records,BSA,88,Presumption as to certified copies of foreign judicial records,direct,"88: ""any country not forming part of India or of Her
Majesty's Dominions"" is replaced by ""beyond
India""."
IEA,87,"Presumption as to books, maps and charts",BSA,89,"Presumption as to books, maps and charts",direct,89: No change.
IEA,88A,Presumption as to electronic messages,BSA,90,Presumption as to electronic messages,direct,90: Explanation excluded.
IEA,89,"Presumption as to due execution, etc. of documents not produced",BSA,91,"Presumption as to due execution, etc., of documents not produced",direct,91: No change.
IEA,90,Presumption as to documents thirty years old,BSA,92,Presumption as to documents thirty years old,direct,"92: A new explanation same as of section 80 is added.
In illustration ""is"" is replaced by ""shall be""."
IEA,90A,Presumption as to electronic records five years old,BSA,93,Presumption as to electronic records five years old,direct,93: A new explanation same as of section 81 is added.
IEA,91,"Evidence of terms of contracts, grants and other dispositions of property reduced to form of document",BSA,94,"Evidence of terms of contracts, grants and other dispositions of property reduced to form of document",direct,94: No change.
IEA,92,Exclusion of evidence of oral agreement,BSA,95,Exclusion of evidence of oral agreement,direct,"95: The words ""to the last section"" are replaced by
section number ""94"" Instead of writing ""Proviso 1""
""Proviso 2"" etc. ""Provided that"", Provided further
that"" etc. are used while writing proviso in this"
IEA,93,Exclusion of evidence to explain or amend ambiguous document,BSA,96,Exclusion of evidence to explain or amend ambiguous document,direct,"96: In illustrations, ""Rs. 1000"" and ""Rs. 1500"" are
replaced by ""one lakh rupees"" ""one lakh fifty
thousand rupees"" respectively."
IEA,94,Exclusion of evidence against application of document to existing facts,BSA,97,Exclusion of evidence against application of document to existing facts,direct,97: No change.
IEA,95,Evidence as to document unmeaning in reference to existing facts,BSA,98,Evidence as to document unmeaning in reference to existing facts,direct,"98: In illustrations, "" Calcutta"" is replaced by ""Kolkata""."
IEA,96,Evidence as to application of language which can apply to one only of several persons,BSA,99,Evidence as to application of language which can apply to one only of several persons,direct,"99: In illustrations, ""Haidarabad"", ""Haidarabad in
Dekkan"" and ""Haidarabad in sindh"" are replaced by
""Ramgarh"" , ""Ramgarh in Rajasthan"" and ""Ramgarh
in Uttarakhand"" respectively."
IEA,97,"Evidence as to application of language to one of two sets of facts, to neither of which the whole correctly applies",BSA,100,"Evidence as to application of language to one of two sets of facts, to neither of which the whole correctly applies",direct,100: No change.
IEA,98,"Evidence as to meaning of illegible characters, etc",BSA,101,"Evidence as to meaning of illegible characters, etc",direct,"101: The word ""provincial"" is replaced by ""regional""."
IEA,99,Who may give evidence of agreement varying term of document,BSA,102,Who may give evidence of agreement varying terms of document,direct,102: No change.
IEA,100,Saving of provisions of Indian Succession Act relating to wills,BSA,103,Saving of provisions of Indian Succession Act relating to wills,direct,"103: The words ""the Indian Succession Act, (10 of
1865)"" are replaced by ""the Indian Succession Act,
1925 (39 of 1925)""."
IEA,101,Burden of proof,BSA,104,Burden of proof,direct,104: No change.
IEA,102,On whom burden of proof lies,BSA,105,On whom burden of proof lies,direct,105: No change.
IEA,103,Burden of proof as to particular fact,BSA,106,Burden of proof as to particular fact,direct,106: No change.
IEA,104,Burden of proving fact to be proved to make evidence admissible,BSA,107,Burden of proving fact to be proved to make evidence admissible,direct,107: No change.
IEA,105,Burden of proving that case of accused comes within exceptions,BSA,108,Burden of proving that case of accused comes within exceptions,direct,"108: The words ""the Indian Penal Code (45 of 1860)"" are
replaced by ""the Bharatiya Nyaya Sanhita, 2023""."
IEA,106,Burden of proving fact especially within knowledge,BSA,109,Burden of proving fact especially within knowledge,direct,109: No change.
IEA,107,Burden of proving death of person known to have been alive within thirty years,BSA,110,Burden of proving death of person known to have been alive within thirty years,direct,110: No change.
IEA,108,Burden of proving that person is alive who has not been heard of for seven years,BSA,111,Burden of proving that person is alive who has not been heard of for seven years,direct,"111: The words ""Provided that"" are excluded."
IEA,109,"Burden of proof as to relationship in the cases of partners, landlord and tenant, principal and agent",BSA,112,"Burden of proof as to relationship in the cases of partners, landlord and tenant, principal and agent",direct,112: No change.
IEA,110,Burden of proof as to ownership,BSA,113,Burden of proof as to ownership,direct,113: No change.
IEA,111,Proof of good faith in transactions where one party is in relation of active confidence,BSA,114,Proof of good faith in transactions where one party is in relation of active confidence,direct,"114: The word ""attorney"" is replaced by ""advocate""."
IEA,111A,Presumption as to certain offences,BSA,115,Presumption as to certain offences,direct,"115: IPC sections are replaced by corresponding BNS
sections."
IEA,112,"Birth during marriage, conclusive proof of legitimacy",BSA,116,"Birth during marriage, conclusive proof of legitimacy",direct,"116: ""son"" is replaced by ""child"" thus made gender
neutral."
IEA,113A,Presumption as to abetment of suicide by a married woman,BSA,117,Presumption as to abetment of suicide by a married woman,direct,"117: The words ""section 498A of the Indian Penal Code
(45 of 1860)"" are replaced by ""section 86 of the
Bharatiya Nyaya Sanhita, 2023"" in the explanation."
IEA,113B,Presumption as to dowry death,BSA,118,Presumption as to dowry death,direct,"118: The words ""section 304B of the Indian Penal Code
(45 of 1860)"" are replaced by ""section 80 of the
Bharatiya Nyaya Sanhita, 2023"" in explanation."
IEA,114,Court may presume existence of certain facts,BSA,119,Court may presume existence of certain facts,direct,"119: Paragraph are numbered as subsections (1) and (2),
and illustrations to subsection (2) are numbered
from (i) to (x)."
IEA,114A,Presumption as to absence of consent in certain prosecutions for rape.1,BSA,120,Presumption as to absence of consent in certain prosecution for rape,direct,"120: IPC sections are replaced by corresponding BNS
sections."
IEA,115,Estoppel,BSA,121,Estoppel,direct,121: No change.
IEA,116,Estoppel of tenant; and of licensee of person in possession,BSA,122,Estoppel of tenant and of licensee of person in possession,direct,"122: The words ""or any time thereafter"" are added."
IEA,117,"Estoppel of acceptor of bill of exchange, bailee or licensee",BSA,123,"Estoppel of acceptor of bill of exchange, bailee or licensee",direct,123: No change.
IEA,118,Who may testify,BSA,124,Who may testify,direct,"124: The word ""Lunatic"" is replaced by ""A person of
unsound mind""."
IEA,119,Witness unable to communicate verbally,BSA,125,Witness unable to communicate verbally,direct,
IEA,120,"Parties to civil suit, and their wives or husbands. Husband or wife of person under criminal trial",BSA,126,Competency of husband and wife as witnesses in certain cases,direct,"126: Heading ""Parties to civil suit, and their wives or
husbands. Husband or wife of a person under
criminal trial"" is replaced by ""Competency of
husband and wife as witnesses in certain cases"".
Paragraphs are numbered as subsections (1) and (2),"
IEA,121,Judges and Magistrates,BSA,127,Judges and Magistrates,direct,127: No change.
IEA,122,Communications during marriage,BSA,128,Communications during marriage,direct,128: No change.
IEA,123,Evidence as to affairs of State,BSA,129,Evidence as to affairs of State,direct,129: No change.
IEA,124,Official communications,BSA,130,Official communications,direct,130: No change.
IEA,125,Information as to commission of offences,BSA,131,Information as to commission of offences,direct,131: No change.
IEA,126,Professional communications,BSA,132,Professional communications,merged,"132(1)
&(2): The words ""barrister, attorney, pleader or vakil"" are
replaced by ""advocate"". Word ""employment"" is
replaced by ""service"". In sub-section (2) words
""referred to in the proviso to sub-section (1)"" are
added. 132(3): Section127 of IEA is added as subsection (3) in
which the words ""or servants of barristers, pleaders,
attorneys and vakils"" are replaced by ""or employees
of advocates""."
IEA,127,"Section 126 to apply to interpreters, etc",BSA,132,Professional communications,merged,"132(1)
&(2): The words ""barrister, attorney, pleader or vakil"" are
replaced by ""advocate"". Word ""employment"" is
replaced by ""service"". In sub-section (2) words
""referred to in the proviso to sub-section (1)"" are
added. 132(3): Section127 of IEA is added as subsection (3) in
which the words ""or servants of barristers, pleaders,
attorneys and vakils"" are replaced by ""or employees
of advocates""."
IEA,128,Privilege not waived by volunteering evidence,BSA,133,Privilege not waived by volunteering evidence,direct,"133: Words ""barrister, attorney, pleader or vakil"" are
replaced by ""advocate""."
IEA,129,Confidential communications with legal advisers,BSA,134,Confidential communication with legal advisers,direct,"134: Words ""legal professional adviser"" are replaced by
""legal adviser""."
IEA,130,Production of title-deeds of witness not a party,BSA,135,Production of title-deeds of witness not a party,direct,135: No change.
IEA,131,"Production of documents or electronic records which another person, having possession, could refuse to produce",BSA,136,"Production of documents or electronic records which another person, having possession, could refuse to produce",direct,136: No change.
IEA,132,Witness not excused from answering on ground that answer will criminate,BSA,137,Witness not excused from answering on ground that answer will criminate,direct,"137: Word ""Proviso"" is excluded."
IEA,133,Accomplice,BSA,138,Accomplice,direct,"138: Words ""merely because"" are replaced by ""if""."
IEA,134,Number of witnesses,BSA,139,Number of witnesses,direct,139: No change.
IEA,135,Order of production and examination of witnesses,BSA,140,Order of production and examination of witnesses,direct,140: No change.
IEA,136,Judge to decide as to admissibility of evidence,BSA,141,Judge to decide as to admissibility of evidence,direct,"141: Paragraph are numbered as subsections (1), (2) and
(3)."
IEA,137,Examination-in-chief,BSA,142,Examination of witnesses,direct,"142: Paragraphs are numbered as subsections (1), (2) and
(3), and headings of paragraph are excluded."
IEA,138,Order of examinations,BSA,143,Order of examinations,direct,"143: Paragraph are numbered as subsections (1), (2) and
(3), and word ""in-chief"" included.
The words in paragraph heading ""Direction of re-
examination"" are excluded."
IEA,139,Cross-examination of person called to produce a document,BSA,144,Cross- examination of person called to produce a document,direct,144: No change.
IEA,140,Witnesses to character,BSA,145,Witnesses to character,direct,145: No change.
IEA,141,Leading questions,BSA,146,Leading questions,merged,"146(1): Section 141 IEA is included as subsection (1) of 146
BSA. 146(2)
&(3): Section 142 IEA is included as subsection (2) and
(3) of 146 BSA. 146(4): Section 143 IEA is included as subsection (4) of 146
BSA."
IEA,142,When they must not be asked,BSA,146,Leading questions,merged,"146(1): Section 141 IEA is included as subsection (1) of 146
BSA. 146(2)
&(3): Section 142 IEA is included as subsection (2) and
(3) of 146 BSA. 146(4): Section 143 IEA is included as subsection (4) of 146
BSA."
IEA,143,When they may be asked,BSA,146,Leading questions,merged,"146(1): Section 141 IEA is included as subsection (1) of 146
BSA. 146(2)
&(3): Section 142 IEA is included as subsection (2) and
(3) of 146 BSA. 146(4): Section 143 IEA is included as subsection (4) of 146
BSA."
IEA,144,Evidence as to matters in writing,BSA,147,Evidence as to matters in writing,direct,147: No change.
IEA,145,Cross-examination as to previous statements in writing,BSA,148,Cross- examination as to previous statements in writing,direct,148: No change.
IEA,146,Questions lawful in cross-examination,BSA,149,Questions lawful in cross- examination,direct,"149: Numbers (1), (2) and (3) are replaced by (a), (b) and
(c ). IPC sections are replaced by corresponding
BNS sections."
IEA,147,When witness to be compelled to answer,BSA,150,When witness to be compelled to answer,direct,150: No change.
IEA,148,Court to decide when question shall be asked and when witness compelled to answer,BSA,151,Court to decide when question shall be asked and when witness compelled to answer,direct,"151: Word ""namely"" is added in its subsection (2)."
IEA,149,Question not to be asked without reasonable grounds,BSA,152,Question not to be asked without reasonable grounds,direct,"152: In illustrations, the words ""barrister"", ""an attorney or
vakil"", ""dakait"" and ""A pleader"" are replaced by
words ""advocate"", ""another advocate"", ""dacoit"" and
""a advocate"" respectively."
IEA,150,Procedure of Court in case of question being asked without reasonable grounds,BSA,153,Procedure of Court in case of question being asked without reasonable grounds,direct,"153: Word ""barrister, attorney, pleader or vakil"" are
replaced by ""advocate""."
IEA,151,Indecent and scandalous questions,BSA,154,Indecent and scandalous questions,direct,154: No change.
IEA,152,Questions intended to insult or annoy,BSA,155,Questions intended to insult or annoy,direct,155: No change.
IEA,153,Exclusion of evidence to contradict answers to questions testing veracity,BSA,156,Exclusion of evidence to contradict answers to questions testing veracity,direct,"156: ""Lahore"" and Calcutta"" are replaced by ""Goa"" and
""Varanasi"" respectively."
IEA,154,Question by party to his own witness,BSA,157,Question by party to his own witness,direct,157: No change.
IEA,155,Impeaching credit of witness,BSA,158,Impeaching credit of witness,direct,"158: Numbers (1), (2) and (3) are replaced by (a), (b) and
(c). Word ""indicted"" is replaced by ""accused""."
IEA,156,"Question tending to corroborate evidence of relevant fact, admissible",BSA,159,to,direct,159: No change.
IEA,157,Former statements of witness may be proved to corroborate later testimony as to same fact,BSA,160,of may proved to,direct,160: No change.
IEA,158,What matters may be proved in connection with proved statement relevant under section 32 or 33,BSA,161,matters be proved connection proved,direct,161: No change.
IEA,159,Refreshing memory,BSA,162,Refreshing memory.,direct,"162: Paragraphs are numbered as subsections (1) and (2).
Sub-heading words ""When witness may use copy of
document to refresh memory"" are excluded from
subsection (2). Words ""Provided that"" and ""Provided
further that"" are added in provisos."
IEA,160,Testimony to facts stated in document mentioned in section 159,BSA,163,to stated in,direct,163: No change.
IEA,161,Right of adverse party as to writing used to refresh memory,BSA,164,Right of adverse party as to writing used to refresh memory,direct,"164: Word ""must"" is replaced by ""shall""."
IEA,162,Production of documents,BSA,165,Production of documents,direct,"165: Paragraphs are numbered as subsections (1), (2) and
(3).""Provided that"" is added in proviso. New proviso
is added to the subsection (3)."
IEA,163,"Giving, as evidence, of document called for and produced on notice",BSA,166,"Giving, as evidence, of document called for and produced on notice",direct,166: No change.
IEA,164,"Using, as evidence, of document production of which was refused on notice",BSA,167,"Using, as evidence, of document production of which was refused on notice",direct,167: No change.
IEA,165,Judge's power to put questions or order production,BSA,168,Judge's power to put questions or order production,direct,"168: Words ""proper"", ""please"" and ""relevant or
irrelevant"" are excluded. Word ""agents"" is replaced
by ""representatives""."
IEA,167,No new trial for improper admission or rejection of evidence,BSA,169,No new trial for improper admission or rejection of evidence,direct,169: No change.
,,,BSA,61,Electronic or digital record,new_provision,"61: ""Nothing in this Adhiniyam shall apply to deny the
admissibility of an electronic or digital record in the
evidence on the ground that it is an electronic or
digital record and such record shall, subject to
section 63, have the same legal effect, validity and
enforceability as other document."""
,,,BSA,170,Repeal and savings,new_provision,170: Newly added.
IEA,2,Repeal of enactments,BSA,,,removed,No counterpart listed in the BPRD correspondence table.
IEA,22A,When oral admission as to contents of electronic records are relevant,BSA,,,removed,No counterpart listed in the BPRD correspondence table.
IEA,27,How much of information received from accused may be proved,BSA,,,removed,No counterpart listed in the BPRD correspondence table.
IEA,28,"Confession made after removal of impression caused by inducement, threat or promise relevant",BSA,,,removed,No counterpart listed in the BPRD correspondence table.
IEA,29,"Confession otherwise relevant not to become irrelevant because of promise of secrecy, etc",BSA,,,removed,No counterpart listed in the BPRD correspondence table.
IEA,82,Presumption as to document admissible in England without proof of seal or signature,BSA,,,removed,No counterpart listed in the BPRD correspondence table.
IEA,88,Presumption as to telegraphic messages,BSA,,,removed,No counterpart listed in the BPRD correspondence table.
IEA,113,Proof of cession of territory,BSA,,,removed,No counterpart listed in the BPRD correspondence table.
IEA,166,Power of jury or assessors to put questions,BSA,,,removed,No counterpart listed in the BPRD correspondence table.
